author,Filename,action,Date,Time,ver,ID_File_und,Language,Extension,LOC,SLOC,CommmentRatio,MaxCyclomatic,CyclomaticType,FI,FO,VFI,VFO,FT,VFT,CyclicGroupSize,ArchType,crs_mdl_out,crs_mdl_in,partition,NetworkID,NetworkGroupSize,CyclicGroupID,modularity_out,modularity_in,modularity,crs_mdl_T_out,crs_mdl_T_in,modularity_T_out,modularity_T_in,modularity_T,hierarchy2,hierarchy1,ID_rev,filename
alessandro.basso,/branches/pvpro_bf_1.4/src/developments/PlantVisorPRO/src/com/carel/supervisor/director/ide/RuleImporter.java,M,2008-12-19,14:07:45,2,70536,Java File,java,542,436,.07,12,Medium,1,11,1,59,10,58,0,Peripheral,2,0,3,1,2403,0,.81818181,1,.83333331,39,0,.33898306,1,.34999999,1,1,15233,PlantVisorPRO/src/com/carel/supervisor/director/ide/RuleImporter.java
alessandro.basso,/branches/pvpro_bf_1.4/src/developments/PlantVisorPRO/src/com/carel/supervisor/presentation/bo/BDtlView.java,M,2008-12-23,15:06:15,2,94105,Java File,java,1283,940,.18,39,High,2,42,8,323,42,329,0,Control,34,0,3,1,2403,0,.19047619,1,.22727273,260,6,.19504644,.25,.19637462,1,1,15234,PlantVisorPRO/src/com/carel/supervisor/presentation/bo/BDtlView.java
riccardo.fantato,/branches/pvpro_bf_1.4/src/developments/PlantVisorPRO/src/com/carel/supervisor/presentation/rule/EmailListBox.java,M,2009-01-20,09:49:55,2,54217,Java File,java,94,74,.04,5,Low,1,11,1,99,10,98,0,Peripheral,4,0,9,1,2403,0,.63636363,1,.66666669,80,0,.19191919,1,.2,1,1,15261,PlantVisorPRO/src/com/carel/supervisor/presentation/rule/EmailListBox.java
riccardo.fantato,/branches/pvpro_bf_1.4/src/developments/PlantVisorPRO/src/com/carel/supervisor/presentation/rule/FaxListBox.java,M,2009-01-20,09:49:55,2,98482,Java File,java,118,92,.03,5,Low,1,13,1,170,12,169,0,Control,4,0,9,1,2403,0,.69230771,1,.71428573,111,0,.34705883,1,.3508772,1,1,15262,PlantVisorPRO/src/com/carel/supervisor/presentation/rule/FaxListBox.java
riccardo.fantato,/branches/pvpro_bf_1.4/src/developments/PlantVisorPRO/src/com/carel/supervisor/presentation/rule/RemoteListBox.java,M,2009-01-20,09:49:55,2,63335,Java File,java,116,92,.03,5,Low,2,12,2,169,12,169,0,Control,4,0,9,1,2403,0,.66666669,1,.71428573,111,0,.34319526,1,.3508772,1,1,15263,PlantVisorPRO/src/com/carel/supervisor/presentation/rule/RemoteListBox.java
riccardo.fantato,/branches/pvpro_bf_1.4/src/developments/PlantVisorPRO/src/com/carel/supervisor/presentation/rule/RuleConstants.java,A,2009-01-20,09:49:55,2,5542,Java File,java,26,9,1.56,0,Low,5,1,6,1,4,5,0,Peripheral,0,0,9,1,2403,0,1,1,1,0,0,1,1,1,1,1,15264,PlantVisorPRO/src/com/carel/supervisor/presentation/rule/RuleConstants.java
riccardo.fantato,/branches/pvpro_bf_1.4/src/developments/PlantVisorPRO/src/com/carel/supervisor/presentation/rule/SmsListBox.java,M,2009-01-20,09:49:55,2,19510,Java File,java,114,92,.03,5,Low,1,13,1,170,12,169,0,Control,4,0,9,1,2403,0,.69230771,1,.71428573,111,0,.34705883,1,.3508772,1,1,15265,PlantVisorPRO/src/com/carel/supervisor/presentation/rule/SmsListBox.java
riccardo.fantato,/branches/pvpro_bf_1.4/src/developments/PlantVisorPRO/src/com/carel/supervisor/action/ActionAnomaly.java,M,2009-01-20,09:50:39,2,57754,Java File,java,24,12,.5,1,Low,1,3,1,141,2,140,0,Peripheral,0,0,0,1,2403,0,1,1,1,123,0,.12765957,1,.13380282,1,1,15266,PlantVisorPRO/src/com/carel/supervisor/action/ActionAnomaly.java
riccardo.fantato,/trunk/src/developments/PlantVisorPRO/src/com/carel/supervisor/presentation/rule/EmailListBox.java,M,2009-01-20,09:54:18,2,54217,Java File,java,94,74,.04,5,Low,1,11,1,99,10,98,0,Peripheral,4,0,9,1,2403,0,.63636363,1,.66666669,80,0,.19191919,1,.2,1,1,15281,PlantVisorPRO/src/com/carel/supervisor/presentation/rule/EmailListBox.java
riccardo.fantato,/trunk/src/developments/PlantVisorPRO/src/com/carel/supervisor/presentation/rule/FaxListBox.java,M,2009-01-20,09:54:18,2,98482,Java File,java,118,92,.03,5,Low,1,13,1,170,12,169,0,Control,4,0,9,1,2403,0,.69230771,1,.71428573,111,0,.34705883,1,.3508772,1,1,15282,PlantVisorPRO/src/com/carel/supervisor/presentation/rule/FaxListBox.java
riccardo.fantato,/trunk/src/developments/PlantVisorPRO/src/com/carel/supervisor/presentation/rule/RemoteListBox.java,M,2009-01-20,09:54:18,2,63335,Java File,java,116,92,.03,5,Low,2,12,2,169,12,169,0,Control,4,0,9,1,2403,0,.66666669,1,.71428573,111,0,.34319526,1,.3508772,1,1,15283,PlantVisorPRO/src/com/carel/supervisor/presentation/rule/RemoteListBox.java
riccardo.fantato,/trunk/src/developments/PlantVisorPRO/src/com/carel/supervisor/presentation/rule/SmsListBox.java,M,2009-01-20,09:54:18,2,19510,Java File,java,114,92,.03,5,Low,1,13,1,170,12,169,0,Control,4,0,9,1,2403,0,.69230771,1,.71428573,111,0,.34705883,1,.3508772,1,1,15284,PlantVisorPRO/src/com/carel/supervisor/presentation/rule/SmsListBox.java
riccardo.fantato,/trunk/src/developments/PlantVisorPRO/src/com/carel/supervisor/presentation/rule/RuleConstants.java,A,2009-01-20,09:54:34,2,5542,Java File,java,26,9,1.56,0,Low,5,1,6,1,4,5,0,Peripheral,0,0,9,1,2403,0,1,1,1,0,0,1,1,1,1,1,15285,PlantVisorPRO/src/com/carel/supervisor/presentation/rule/RuleConstants.java
riccardo.fantato,/trunk/src/developments/PlantVisorPRO/src/com/carel/supervisor/action/ActionAnomaly.java,M,2009-01-20,09:54:50,2,57754,Java File,java,24,12,.5,1,Low,1,3,1,141,2,140,0,Peripheral,0,0,0,1,2403,0,1,1,1,123,0,.12765957,1,.13380282,1,1,15286,PlantVisorPRO/src/com/carel/supervisor/action/ActionAnomaly.java
riccardo.fantato,/trunk/src/developments/PlantVisorPRO/src/com/carel/supervisor/action/ActionAnomaly.java,M,2009-01-20,13:36:00,2,57754,Java File,java,24,12,.5,1,Low,1,3,1,141,2,140,0,Peripheral,0,0,0,1,2403,0,1,1,1,123,0,.12765957,1,.13380282,1,1,15303,PlantVisorPRO/src/com/carel/supervisor/action/ActionAnomaly.java
riccardo.fantato,/branches/pvpro_bf_1.4/src/developments/PlantVisorPRO/src/com/carel/supervisor/action/ActionAnomaly.java,M,2009-01-20,13:36:59,2,57754,Java File,java,24,12,.5,1,Low,1,3,1,141,2,140,0,Peripheral,0,0,0,1,2403,0,1,1,1,123,0,.12765957,1,.13380282,1,1,15304,PlantVisorPRO/src/com/carel/supervisor/action/ActionAnomaly.java
nicola.compagno,/branches/pvpro_bf_1.4/src/developments/PlantVisorPRO/src/com/carel/supervisor/dispatcher/action/DispatcherAction.java,M,2009-01-20,15:33:19,2,28421,Java File,java,403,325,.05,6,Low,1,13,1,155,12,154,0,Control,5,0,9,1,2403,0,.61538464,1,.64285713,101,0,.34838709,1,.3525641,1,1,16583,PlantVisorPRO/src/com/carel/supervisor/dispatcher/action/DispatcherAction.java
nicola.compagno,/branches/pvpro_bf_1.4/src/developments/PlantVisorPRO/src/com/carel/supervisor/dispatcher/action/FAction.java,M,2009-01-20,15:33:19,2,74330,Java File,java,374,266,.12,9,Low,2,11,2,156,11,156,0,Control,3,0,9,1,2403,0,.72727275,1,.76923078,102,0,.34615386,1,.35443038,1,1,16584,PlantVisorPRO/src/com/carel/supervisor/dispatcher/action/FAction.java
nicola.compagno,/branches/pvpro_bf_1.4/src/developments/PlantVisorPRO/src/supervisor/SRVLDispdoc.java,M,2009-01-20,15:33:19,2,112050,Java File,java,289,240,.02,7,Low,1,7,1,485,6,484,0,Control,3,0,6,1,2403,0,.5714286,1,.625,411,0,.15257733,1,.15432099,1,1,16585,PlantVisorPRO/src/supervisor/SRVLDispdoc.java
nicola.compagno,/trunk/src/developments/PlantVisorPRO/src/com/carel/supervisor/dispatcher/action/DispatcherAction.java,M,2009-01-20,16:04:34,2,28421,Java File,java,403,325,.05,6,Low,1,13,1,155,12,154,0,Control,5,0,9,1,2403,0,.61538464,1,.64285713,101,0,.34838709,1,.3525641,1,1,16587,PlantVisorPRO/src/com/carel/supervisor/dispatcher/action/DispatcherAction.java
nicola.compagno,/trunk/src/developments/PlantVisorPRO/src/com/carel/supervisor/dispatcher/action/FAction.java,M,2009-01-20,16:04:34,2,74330,Java File,java,374,266,.12,9,Low,2,11,2,156,11,156,0,Control,3,0,9,1,2403,0,.72727275,1,.76923078,102,0,.34615386,1,.35443038,1,1,16588,PlantVisorPRO/src/com/carel/supervisor/dispatcher/action/FAction.java
nicola.compagno,/trunk/src/developments/PlantVisorPRO/src/supervisor/SRVLDispdoc.java,M,2009-01-20,16:04:34,2,112050,Java File,java,289,240,.02,7,Low,1,7,1,485,6,484,0,Control,3,0,6,1,2403,0,.5714286,1,.625,411,0,.15257733,1,.15432099,1,1,16589,PlantVisorPRO/src/supervisor/SRVLDispdoc.java
fabio.boldrin,/trunk/src/developments/PlantVisorPRO/src/com/carel/supervisor/controller/ControllerMgr.java,M,2009-01-22,09:29:01,2,93091,Java File,java,454,358,.12,26,High,2,49,588,195,49,781,4,Core,35,0,2,1,2403,5,.2857143,1,.3137255,145,467,.25641027,.20578231,.21839081,.82608694,.99231756,16592,PlantVisorPRO/src/com/carel/supervisor/controller/ControllerMgr.java
fabio.boldrin,/trunk/src/developments/PlantVisorPRO/src/com/carel/supervisor/controller/database/AlarmCarelLoader.java,M,2009-01-22,09:30:02,2,63193,Java File,java,40,31,.06,3,Low,1,5,1,124,4,123,0,Peripheral,0,0,2,1,2403,0,1,1,1,84,0,.32258064,1,.32800001,1,1,16593,PlantVisorPRO/src/com/carel/supervisor/controller/database/AlarmCarelLoader.java
fabio.boldrin,/trunk/src/developments/PlantVisorPRO/src/com/carel/supervisor/controller/database/RuleStateBean.java,M,2009-01-22,09:30:18,2,55949,Java File,java,178,133,.18,3,Low,1,8,1,141,7,140,0,Peripheral,3,0,0,1,2403,0,.625,1,.66666669,123,0,.12765957,1,.13380282,1,1,16594,PlantVisorPRO/src/com/carel/supervisor/controller/database/RuleStateBean.java
fabio.boldrin,/trunk/src/developments/PlantVisorPRO/src/com/carel/supervisor/director/graph/NormalizeSerie.java,M,2009-01-22,09:30:40,2,10379,Java File,java,569,363,.54,17,Medium,1,6,1,130,5,129,0,Peripheral,1,0,30,1,2403,0,.83333331,1,.85714287,124,0,.046153847,1,.053435113,1,1,16595,PlantVisorPRO/src/com/carel/supervisor/director/graph/NormalizeSerie.java
fabio.boldrin,/trunk/src/developments/PlantVisorPRO/src/com/carel/supervisor/field/VariableMgr.java,M,2009-01-22,09:30:53,2,113927,Java File,java,68,55,.07,1,Low,1,3,1,123,2,122,0,Peripheral,0,0,2,1,2403,0,1,1,1,84,0,.31707317,1,.32258064,1,1,16596,PlantVisorPRO/src/com/carel/supervisor/field/VariableMgr.java
fabio.boldrin,/trunk/src/developments/PlantVisorPRO/src/com/carel/supervisor/plugin/winery/WEngine.java,M,2009-01-22,09:31:07,2,111784,Java File,java,407,300,.22,11,Medium,1,19,1,222,18,221,0,Control,8,0,2,1,2403,0,.57894737,1,.60000002,146,0,.34234235,1,.34529147,1,1,16597,PlantVisorPRO/src/com/carel/supervisor/plugin/winery/WEngine.java
fabio.boldrin,/trunk/src/developments/PlantVisorPRO/src/com/carel/supervisor/presentation/bean/DeviceListBean.java,M,2009-01-22,09:31:33,2,103623,Java File,java,918,764,.04,13,Medium,1,20,1,296,19,295,0,Control,14,0,3,1,2403,0,.30000001,1,.33333334,244,0,.17567568,1,.17845118,1,1,16598,PlantVisorPRO/src/com/carel/supervisor/presentation/bean/DeviceListBean.java
fabio.boldrin,/trunk/src/developments/PlantVisorPRO/src/com/carel/supervisor/presentation/bo/BDeviceView.java,M,2009-01-22,09:31:53,2,39031,Java File,java,86,74,.03,5,Low,1,13,1,298,12,297,0,Control,6,0,6,1,2403,0,.53846157,1,.5714286,245,0,.17785235,1,.18060201,1,1,16599,PlantVisorPRO/src/com/carel/supervisor/presentation/bo/BDeviceView.java
fabio.boldrin,/trunk/src/developments/PlantVisorPRO/src/com/carel/supervisor/presentation/bo/BDtlView.java,M,2009-01-22,09:32:39,2,94105,Java File,java,1283,940,.18,39,High,2,42,8,323,42,329,0,Control,34,0,3,1,2403,0,.19047619,1,.22727273,260,6,.19504644,.25,.19637462,1,1,16600,PlantVisorPRO/src/com/carel/supervisor/presentation/bo/BDtlView.java
fabio.boldrin,/trunk/src/developments/PlantVisorPRO/src/com/carel/supervisor/presentation/bo/BSiteView.java,M,2009-01-22,09:33:02,2,26953,Java File,java,715,599,.05,45,High,1,36,1,407,35,406,0,Control,22,0,6,1,2403,0,.3888889,1,.4054054,343,0,.15724815,1,.15931372,1,1,16601,PlantVisorPRO/src/com/carel/supervisor/presentation/bo/BSiteView.java
fabio.boldrin,/trunk/src/developments/PlantVisorPRO/src/com/carel/supervisor/presentation/bo/BSystem.java,M,2009-01-22,09:33:20,2,107590,Java File,java,1491,1114,.14,111,Untestable,2,51,4,510,51,512,0,Control,31,0,6,1,2403,0,.39215687,1,.41509435,443,0,.13137256,1,.13813229,1,1,16602,PlantVisorPRO/src/com/carel/supervisor/presentation/bo/BSystem.java
fabio.boldrin,/trunk/src/developments/PlantVisorPRO/src/com/carel/supervisor/presentation/bo/helper/BackupHelper.java,M,2009-01-22,09:33:31,2,31874,Java File,java,918,705,.09,15,Medium,1,26,1,319,25,318,0,Control,13,0,9,1,2403,0,.5,1,.51851851,298,0,.065830722,1,.068750001,1,1,16603,PlantVisorPRO/src/com/carel/supervisor/presentation/bo/helper/BackupHelper.java
fabio.boldrin,/trunk/src/developments/PlantVisorPRO/src/com/carel/supervisor/presentation/bo/helper/Propagate.java,M,2009-01-22,09:34:07,2,63429,Java File,java,1055,815,.14,12,Medium,2,22,11,383,22,392,0,Control,7,0,3,1,2403,0,.68181819,1,.70833331,317,8,.17232376,.27272728,.17512691,1,1,16604,PlantVisorPRO/src/com/carel/supervisor/presentation/bo/helper/Propagate.java
fabio.boldrin,/trunk/src/developments/PlantVisorPRO/src/com/carel/supervisor/presentation/graph/LoadGraph.java,M,2009-01-22,09:34:30,2,105657,Java File,java,188,140,.26,18,Medium,1,13,1,303,12,302,0,Control,6,0,30,1,2403,0,.53846157,1,.5714286,293,0,.0330033,1,.03618421,1,1,16605,PlantVisorPRO/src/com/carel/supervisor/presentation/graph/LoadGraph.java
fabio.boldrin,/trunk/src/developments/PlantVisorPRO/src/supervisor/MasterGraph.java,M,2009-01-22,09:34:43,2,3081,Java File,java,149,106,.25,9,Low,1,9,1,447,8,446,0,Control,3,0,6,1,2403,0,.66666669,1,.69999999,384,0,.14093959,1,.14285715,1,1,16606,PlantVisorPRO/src/supervisor/MasterGraph.java
fabio.boldrin,/trunk/src/developments/PlantVisorPRO/src/supervisor/SRVLRefresh.java,M,2009-01-22,09:35:33,2,55602,Java File,java,442,340,.13,16,Medium,1,26,1,446,25,445,0,Control,9,0,6,1,2403,0,.65384614,1,.66666669,377,0,.15470852,1,.15659955,1,1,16607,PlantVisorPRO/src/supervisor/SRVLRefresh.java
fabio.boldrin,/trunk/src/developments/PlantVisorPRO/src/com/carel/supervisor/action/ActionAnomaly.java,M,2009-01-22,09:45:51,2,57754,Java File,java,24,12,.5,1,Low,1,3,1,141,2,140,0,Peripheral,0,0,0,1,2403,0,1,1,1,123,0,.12765957,1,.13380282,1,1,16617,PlantVisorPRO/src/com/carel/supervisor/action/ActionAnomaly.java
fabio.boldrin,/trunk/src/developments/PlantVisorPRO/src/com/carel/supervisor/plugin/fs/FSCyclicList.java,M,2009-01-22,13:11:14,2,71594,Java File,java,22,18,0,2,Low,1,2,1,218,1,217,0,Control,0,0,2,1,2403,0,1,1,1,146,0,.33027524,1,.33333334,1,1,16618,PlantVisorPRO/src/com/carel/supervisor/plugin/fs/FSCyclicList.java
fabio.boldrin,/trunk/src/developments/PlantVisorPRO/src/com/carel/supervisor/plugin/winery/dataconn/WineryNotInitException.java,M,2009-01-22,13:11:22,2,,Java File,java,14,12,0,1,Low,1,1,1,1,0,0,0,Unconnected,,,,168,1,0,,,,,,,,,1,1,16619,PlantVisorPRO/src/com/carel/supervisor/plugin/winery/dataconn/WineryNotInitException.java
nicola.compagno,/branches/pvpro_bf_1.4/src/developments/PlantVisorPRO/src/com/carel/supervisor/dataaccess/alarmctrl/AlarmCtrl.java,M,2009-01-22,13:38:13,2,79055,Java File,java,396,307,.15,8,Low,2,9,921,53,9,972,0,Shared,4,1,3,1,2403,0,.55555558,.5,.54545456,39,817,.26415095,.11292074,.1211499,1,1,16629,PlantVisorPRO/src/com/carel/supervisor/dataaccess/alarmctrl/AlarmCtrl.java
nicola.compagno,/branches/pvpro_bf_1.4/src/developments/PlantVisorPRO/src/com/carel/supervisor/dataaccess/datalog/impl/AlarmLog.java,M,2009-01-22,13:38:13,2,29487,Java File,java,426,268,.4,2,Low,1,8,1,52,7,51,0,Peripheral,3,0,3,1,2403,0,.625,1,.66666669,37,0,.28846154,1,.3018868,1,1,16630,PlantVisorPRO/src/com/carel/supervisor/dataaccess/datalog/impl/AlarmLog.java
nicola.compagno,/branches/pvpro_bf_1.4/src/developments/PlantVisorPRO/src/com/carel/supervisor/presentation/bo/helper/VarDetailHelper.java,M,2009-01-22,13:38:13,2,57898,Java File,java,405,338,.06,20,Medium,1,13,1,91,12,90,0,Peripheral,7,0,6,1,2403,0,.46153846,1,.5,76,0,.16483517,1,.17391305,1,1,16631,PlantVisorPRO/src/com/carel/supervisor/presentation/bo/helper/VarDetailHelper.java
nicola.compagno,/trunk/src/developments/PlantVisorPRO/src/com/carel/supervisor/dataaccess/alarmctrl/AlarmCtrl.java,M,2009-01-22,13:47:24,2,79055,Java File,java,396,307,.15,8,Low,2,9,921,53,9,972,0,Shared,4,1,3,1,2403,0,.55555558,.5,.54545456,39,817,.26415095,.11292074,.1211499,1,1,16633,PlantVisorPRO/src/com/carel/supervisor/dataaccess/alarmctrl/AlarmCtrl.java
nicola.compagno,/trunk/src/developments/PlantVisorPRO/src/com/carel/supervisor/dataaccess/datalog/impl/AlarmLog.java,M,2009-01-22,13:47:24,2,29487,Java File,java,426,268,.4,2,Low,1,8,1,52,7,51,0,Peripheral,3,0,3,1,2403,0,.625,1,.66666669,37,0,.28846154,1,.3018868,1,1,16634,PlantVisorPRO/src/com/carel/supervisor/dataaccess/datalog/impl/AlarmLog.java
nicola.compagno,/trunk/src/developments/PlantVisorPRO/src/com/carel/supervisor/presentation/bo/helper/VarDetailHelper.java,M,2009-01-22,13:47:24,2,57898,Java File,java,405,338,.06,20,Medium,1,13,1,91,12,90,0,Peripheral,7,0,6,1,2403,0,.46153846,1,.5,76,0,.16483517,1,.17391305,1,1,16635,PlantVisorPRO/src/com/carel/supervisor/presentation/bo/helper/VarDetailHelper.java
luca.biolo,/trunk/src/developments/PlantVisorPRO/src/com/carel/supervisor/presentation/alarms/AlarmCalledOfList.java,M,2009-01-26,08:43:59,2,84705,Java File,java,513,416,0,16,Medium,1,23,1,289,22,288,0,Control,4,0,6,1,2403,0,.82608694,1,.83333331,233,0,.19377163,1,.19655173,1,1,16636,PlantVisorPRO/src/com/carel/supervisor/presentation/alarms/AlarmCalledOfList.java
luca.biolo,/trunk/src/developments/PlantVisorPRO/src/com/carel/supervisor/presentation/bean/search/SearchEvent.java,M,2009-01-26,08:48:33,2,48279,Java File,java,562,443,.05,15,Medium,2,19,4,286,19,288,0,Control,9,0,6,1,2403,0,.52631581,1,.5714286,233,0,.18531469,1,.19655173,1,1,16637,PlantVisorPRO/src/com/carel/supervisor/presentation/bean/search/SearchEvent.java
luca.biolo,/trunk/src/developments/PlantVisorPRO/src/com/carel/supervisor/presentation/refresh/RefreshAlarms.java,M,2009-01-26,08:52:41,2,9965,Java File,java,48,39,.05,4,Low,1,5,1,290,4,289,0,Control,0,0,6,1,2403,0,1,1,1,233,0,.19655173,1,.19931272,1,1,16638,PlantVisorPRO/src/com/carel/supervisor/presentation/refresh/RefreshAlarms.java
luca.biolo,/trunk/src/developments/PlantVisorPRO/src/com/carel/supervisor/presentation/refresh/RefreshAlarmsSearch.java,M,2009-01-26,08:54:35,2,4869,Java File,java,48,37,.11,4,Low,1,6,1,292,5,291,0,Control,0,0,6,1,2403,0,1,1,1,233,0,.2020548,1,.20477815,1,1,16639,PlantVisorPRO/src/com/carel/supervisor/presentation/refresh/RefreshAlarmsSearch.java
luca.biolo,/trunk/src/developments/PlantVisorPRO/src/com/carel/supervisor/presentation/refresh/RefreshEvents.java,M,2009-01-26,08:55:28,2,8355,Java File,java,48,38,.13,4,Low,1,5,1,291,4,290,0,Control,0,0,6,1,2403,0,1,1,1,233,0,.19931272,1,.2020548,1,1,16640,PlantVisorPRO/src/com/carel/supervisor/presentation/refresh/RefreshEvents.java
luca.biolo,/trunk/src/developments/PlantVisorPRO/src/com/carel/supervisor/presentation/refresh/RefreshEventsSearch.java,M,2009-01-26,08:55:46,2,90799,Java File,java,45,37,.05,4,Low,1,5,1,290,4,289,0,Control,0,0,6,1,2403,0,1,1,1,233,0,.19655173,1,.19931272,1,1,16641,PlantVisorPRO/src/com/carel/supervisor/presentation/refresh/RefreshEventsSearch.java
luca.biolo,/trunk/src/developments/PlantVisorPRO/src/com/carel/supervisor/presentation/refresh/RefreshRecalAlarms.java,M,2009-01-26,08:56:08,2,58027,Java File,java,46,38,.11,4,Low,1,5,1,290,4,289,0,Control,0,0,6,1,2403,0,1,1,1,233,0,.19655173,1,.19931272,1,1,16642,PlantVisorPRO/src/com/carel/supervisor/presentation/refresh/RefreshRecalAlarms.java
luca.biolo,/trunk/src/developments/PlantVisorPRO/src/com/carel/supervisor/presentation/widgets/table/htmlcreate/element/HTMLTable.java,M,2009-01-26,08:56:31,2,108067,Java File,java,839,650,.05,16,Medium,1,7,1,32,6,31,0,Peripheral,3,0,6,1,2403,0,.5714286,1,.625,27,0,.15625,1,.18181819,1,1,16643,PlantVisorPRO/src/com/carel/supervisor/presentation/widgets/table/htmlcreate/element/HTMLTable.java
fabio.boldrin,/branches/pvpro_bf_1.4/src/developments/PlantVisorPRO/src/com/carel/supervisor/director/graph/NormalizeSerie.java,M,2009-01-26,13:49:13,2,10379,Java File,java,569,363,.54,17,Medium,1,6,1,130,5,129,0,Peripheral,1,0,30,1,2403,0,.83333331,1,.85714287,124,0,.046153847,1,.053435113,1,1,16680,PlantVisorPRO/src/com/carel/supervisor/director/graph/NormalizeSerie.java
fabio.boldrin,/branches/pvpro_bf_1.4/src/developments/PlantVisorPRO/src/com/carel/supervisor/presentation/bean/DeviceListBean.java,M,2009-01-26,13:51:24,2,103623,Java File,java,918,764,.04,13,Medium,1,20,1,296,19,295,0,Control,14,0,3,1,2403,0,.30000001,1,.33333334,244,0,.17567568,1,.17845118,1,1,16681,PlantVisorPRO/src/com/carel/supervisor/presentation/bean/DeviceListBean.java
fabio.boldrin,/branches/pvpro_bf_1.4/src/developments/PlantVisorPRO/src/com/carel/supervisor/presentation/bo/BDeviceView.java,M,2009-01-26,14:01:08,2,39031,Java File,java,86,74,.03,5,Low,1,13,1,298,12,297,0,Control,6,0,6,1,2403,0,.53846157,1,.5714286,245,0,.17785235,1,.18060201,1,1,16682,PlantVisorPRO/src/com/carel/supervisor/presentation/bo/BDeviceView.java
fabio.boldrin,/branches/pvpro_bf_1.4/src/developments/PlantVisorPRO/src/com/carel/supervisor/presentation/graph/LoadGraph.java,M,2009-01-26,14:01:46,2,105657,Java File,java,188,140,.26,18,Medium,1,13,1,303,12,302,0,Control,6,0,30,1,2403,0,.53846157,1,.5714286,293,0,.0330033,1,.03618421,1,1,16683,PlantVisorPRO/src/com/carel/supervisor/presentation/graph/LoadGraph.java
fabio.boldrin,/branches/pvpro_bf_1.4/src/developments/PlantVisorPRO/src/supervisor/SRVLRefresh.java,M,2009-01-26,14:02:19,2,55602,Java File,java,442,340,.13,16,Medium,1,26,1,446,25,445,0,Control,9,0,6,1,2403,0,.65384614,1,.66666669,377,0,.15470852,1,.15659955,1,1,16684,PlantVisorPRO/src/supervisor/SRVLRefresh.java
nicola.compagno,/branches/pvpro_bf_1.4/src/developments/PlantVisorPRO/src/com/carel/supervisor/presentation/bean/ProfileBean.java,M,2009-01-26,14:19:05,2,40463,Java File,java,152,102,.28,5,Low,1,5,1,36,4,35,0,Peripheral,2,0,3,1,2403,0,.60000002,1,.66666669,31,0,.1388889,1,.16216215,1,1,16691,PlantVisorPRO/src/com/carel/supervisor/presentation/bean/ProfileBean.java
nicola.compagno,/branches/pvpro_bf_1.4/src/developments/PlantVisorPRO/src/com/carel/supervisor/presentation/ldap/DBProfiler.java,M,2009-01-26,14:19:05,2,49438,Java File,java,1003,788,.1,54,Untestable,2,27,4,311,27,313,0,Control,11,0,3,1,2403,0,.5925926,1,.62068963,248,2,.20257235,.5,.20634921,1,1,16692,PlantVisorPRO/src/com/carel/supervisor/presentation/ldap/DBProfiler.java
nicola.compagno,/branches/pvpro_bf_1.4/src/developments/PlantVisorPRO/src/com/carel/supervisor/presentation/ldap/FunctionalityList.java,M,2009-01-26,14:19:05,2,109451,Java File,java,191,156,.03,5,Low,1,10,1,95,9,94,0,Peripheral,2,0,6,1,2403,0,.80000001,1,.81818181,76,0,.2,1,.20833333,1,1,16693,PlantVisorPRO/src/com/carel/supervisor/presentation/ldap/FunctionalityList.java
nicola.compagno,/trunk/src/developments/PlantVisorPRO/src/com/carel/supervisor/presentation/bean/ProfileBean.java,M,2009-01-26,14:34:20,2,40463,Java File,java,152,102,.28,5,Low,1,5,1,36,4,35,0,Peripheral,2,0,3,1,2403,0,.60000002,1,.66666669,31,0,.1388889,1,.16216215,1,1,16696,PlantVisorPRO/src/com/carel/supervisor/presentation/bean/ProfileBean.java
nicola.compagno,/trunk/src/developments/PlantVisorPRO/src/com/carel/supervisor/presentation/ldap/DBProfiler.java,M,2009-01-26,14:34:20,2,49438,Java File,java,1003,788,.1,54,Untestable,2,27,4,311,27,313,0,Control,11,0,3,1,2403,0,.5925926,1,.62068963,248,2,.20257235,.5,.20634921,1,1,16697,PlantVisorPRO/src/com/carel/supervisor/presentation/ldap/DBProfiler.java
nicola.compagno,/trunk/src/developments/PlantVisorPRO/src/com/carel/supervisor/presentation/ldap/FunctionalityList.java,M,2009-01-26,14:34:20,2,109451,Java File,java,191,156,.03,5,Low,1,10,1,95,9,94,0,Peripheral,2,0,6,1,2403,0,.80000001,1,.81818181,76,0,.2,1,.20833333,1,1,16698,PlantVisorPRO/src/com/carel/supervisor/presentation/ldap/FunctionalityList.java
luca.biolo,/branches/pvpro_bf_1.4/src/developments/PlantVisorPRO/src/com/carel/supervisor/presentation/alarms/AlarmCalledOfList.java,M,2009-01-26,14:51:31,2,84705,Java File,java,513,416,0,16,Medium,1,23,1,289,22,288,0,Control,4,0,6,1,2403,0,.82608694,1,.83333331,233,0,.19377163,1,.19655173,1,1,16709,PlantVisorPRO/src/com/carel/supervisor/presentation/alarms/AlarmCalledOfList.java
luca.biolo,/branches/pvpro_bf_1.4/src/developments/PlantVisorPRO/src/com/carel/supervisor/presentation/bean/search/SearchEvent.java,M,2009-01-26,14:51:31,2,48279,Java File,java,562,443,.05,15,Medium,2,19,4,286,19,288,0,Control,9,0,6,1,2403,0,.52631581,1,.5714286,233,0,.18531469,1,.19655173,1,1,16710,PlantVisorPRO/src/com/carel/supervisor/presentation/bean/search/SearchEvent.java
luca.biolo,/branches/pvpro_bf_1.4/src/developments/PlantVisorPRO/src/com/carel/supervisor/presentation/refresh/RefreshAlarms.java,M,2009-01-26,14:51:31,2,9965,Java File,java,48,39,.05,4,Low,1,5,1,290,4,289,0,Control,0,0,6,1,2403,0,1,1,1,233,0,.19655173,1,.19931272,1,1,16711,PlantVisorPRO/src/com/carel/supervisor/presentation/refresh/RefreshAlarms.java
luca.biolo,/branches/pvpro_bf_1.4/src/developments/PlantVisorPRO/src/com/carel/supervisor/presentation/refresh/RefreshAlarmsSearch.java,M,2009-01-26,14:51:31,2,4869,Java File,java,48,37,.11,4,Low,1,6,1,292,5,291,0,Control,0,0,6,1,2403,0,1,1,1,233,0,.2020548,1,.20477815,1,1,16712,PlantVisorPRO/src/com/carel/supervisor/presentation/refresh/RefreshAlarmsSearch.java
luca.biolo,/branches/pvpro_bf_1.4/src/developments/PlantVisorPRO/src/com/carel/supervisor/presentation/refresh/RefreshEvents.java,M,2009-01-26,14:51:31,2,8355,Java File,java,48,38,.13,4,Low,1,5,1,291,4,290,0,Control,0,0,6,1,2403,0,1,1,1,233,0,.19931272,1,.2020548,1,1,16713,PlantVisorPRO/src/com/carel/supervisor/presentation/refresh/RefreshEvents.java
luca.biolo,/branches/pvpro_bf_1.4/src/developments/PlantVisorPRO/src/com/carel/supervisor/presentation/refresh/RefreshEventsSearch.java,M,2009-01-26,14:51:31,2,90799,Java File,java,45,37,.05,4,Low,1,5,1,290,4,289,0,Control,0,0,6,1,2403,0,1,1,1,233,0,.19655173,1,.19931272,1,1,16714,PlantVisorPRO/src/com/carel/supervisor/presentation/refresh/RefreshEventsSearch.java
luca.biolo,/branches/pvpro_bf_1.4/src/developments/PlantVisorPRO/src/com/carel/supervisor/presentation/refresh/RefreshRecalAlarms.java,M,2009-01-26,14:51:31,2,58027,Java File,java,46,38,.11,4,Low,1,5,1,290,4,289,0,Control,0,0,6,1,2403,0,1,1,1,233,0,.19655173,1,.19931272,1,1,16715,PlantVisorPRO/src/com/carel/supervisor/presentation/refresh/RefreshRecalAlarms.java
luca.biolo,/branches/pvpro_bf_1.4/src/developments/PlantVisorPRO/src/com/carel/supervisor/presentation/widgets/table/htmlcreate/element/HTMLTable.java,M,2009-01-26,14:51:31,2,108067,Java File,java,839,650,.05,16,Medium,1,7,1,32,6,31,0,Peripheral,3,0,6,1,2403,0,.5714286,1,.625,27,0,.15625,1,.18181819,1,1,16716,PlantVisorPRO/src/com/carel/supervisor/presentation/widgets/table/htmlcreate/element/HTMLTable.java
luca.biolo,/trunk/src/developments/PlantVisorPRO/src/com/carel/supervisor/presentation/events/EventList.java,M,2009-01-27,09:31:16,2,64757,Java File,java,366,304,.01,11,Medium,2,19,4,287,19,289,0,Control,8,0,6,1,2403,0,.57894737,1,.61904764,233,0,.18815331,1,.19931272,1,1,16717,PlantVisorPRO/src/com/carel/supervisor/presentation/events/EventList.java
luca.biolo,/branches/pvpro_bf_1.4/src/developments/PlantVisorPRO/src/com/carel/supervisor/presentation/events/EventList.java,M,2009-01-27,09:46:44,2,64757,Java File,java,366,304,.01,11,Medium,2,19,4,287,19,289,0,Control,8,0,6,1,2403,0,.57894737,1,.61904764,233,0,.18815331,1,.19931272,1,1,16718,PlantVisorPRO/src/com/carel/supervisor/presentation/events/EventList.java
fabio.boldrin,/branches/pvpro_bf_1.4/src/developments/PlantVisorPRO/src/com/carel/supervisor/action/ActionAnomaly.java,M,2009-01-27,13:42:59,2,57754,Java File,java,24,12,.5,1,Low,1,3,1,141,2,140,0,Peripheral,0,0,0,1,2403,0,1,1,1,123,0,.12765957,1,.13380282,1,1,16719,PlantVisorPRO/src/com/carel/supervisor/action/ActionAnomaly.java
fabio.boldrin,/branches/pvpro_bf_1.4/src/developments/PlantVisorPRO/src/com/carel/supervisor/presentation/bo/BSiteView.java,M,2009-01-27,13:43:23,2,26953,Java File,java,715,599,.05,45,High,1,36,1,407,35,406,0,Control,22,0,6,1,2403,0,.3888889,1,.4054054,343,0,.15724815,1,.15931372,1,1,16720,PlantVisorPRO/src/com/carel/supervisor/presentation/bo/BSiteView.java
fabio.boldrin,/branches/pvpro_bf_1.4/src/developments/PlantVisorPRO/src/com/carel/supervisor/presentation/bo/helper/Propagate.java,M,2009-01-27,13:43:23,2,63429,Java File,java,1055,815,.14,12,Medium,2,22,11,383,22,392,0,Control,7,0,3,1,2403,0,.68181819,1,.70833331,317,8,.17232376,.27272728,.17512691,1,1,16721,PlantVisorPRO/src/com/carel/supervisor/presentation/bo/helper/Propagate.java
luca.biolo,/trunk/src/developments/PlantVisorPRO/src/com/carel/supervisor/base/printer/PrinterMgr.java,M,2009-02-02,13:58:36,2,115848,Java File,java,559,466,.05,26,High,2,15,107,64,15,169,0,Peripheral,3,0,13,1,2403,0,.80000001,1,.82352942,27,97,.578125,.093457945,.2748538,1,1,18012,PlantVisorPRO/src/com/carel/supervisor/base/printer/PrinterMgr.java
luca.biolo,/trunk/src/developments/PlantVisorPRO/src/com/carel/supervisor/dispatcher/action/EAction.java,M,2009-02-02,13:59:42,2,43824,Java File,java,262,207,.04,14,Medium,1,23,1,312,22,311,0,Control,4,0,9,1,2403,0,.82608694,1,.83333331,244,0,.21794872,1,.22044729,1,1,18013,PlantVisorPRO/src/com/carel/supervisor/dispatcher/action/EAction.java
luca.biolo,/trunk/src/developments/PlantVisorPRO/src/com/carel/supervisor/dispatcher/engine/mail/DispMailSender.java,M,2009-02-02,13:59:55,2,47091,Java File,java,185,144,.05,8,Low,2,7,176,81,7,255,0,Shared,1,0,9,1,2403,0,.85714287,1,.8888889,68,78,.16049382,.55681819,.43190661,1,1,18014,PlantVisorPRO/src/com/carel/supervisor/dispatcher/engine/mail/DispMailSender.java
luca.biolo,/branches/pvpro_bf_1.4/src/developments/PlantVisorPRO/src/com/carel/supervisor/base/printer/PrinterMgr.java,M,2009-02-02,14:18:01,2,115848,Java File,java,559,466,.05,26,High,2,15,107,64,15,169,0,Peripheral,3,0,13,1,2403,0,.80000001,1,.82352942,27,97,.578125,.093457945,.2748538,1,1,18015,PlantVisorPRO/src/com/carel/supervisor/base/printer/PrinterMgr.java
luca.biolo,/branches/pvpro_bf_1.4/src/developments/PlantVisorPRO/src/com/carel/supervisor/dispatcher/action/EAction.java,M,2009-02-02,14:18:01,2,43824,Java File,java,262,207,.04,14,Medium,1,23,1,312,22,311,0,Control,4,0,9,1,2403,0,.82608694,1,.83333331,244,0,.21794872,1,.22044729,1,1,18016,PlantVisorPRO/src/com/carel/supervisor/dispatcher/action/EAction.java
luca.biolo,/branches/pvpro_bf_1.4/src/developments/PlantVisorPRO/src/com/carel/supervisor/dispatcher/engine/mail/DispMailSender.java,M,2009-02-02,14:18:01,2,47091,Java File,java,185,144,.05,8,Low,2,7,176,81,7,255,0,Shared,1,0,9,1,2403,0,.85714287,1,.8888889,68,78,.16049382,.55681819,.43190661,1,1,18017,PlantVisorPRO/src/com/carel/supervisor/dispatcher/engine/mail/DispMailSender.java
nicola.compagno,/branches/pvpro_bf_1.4/src/developments/PlantVisorPRO/src/com/carel/supervisor/presentation/bean/XMLBeanList.java,M,2009-02-11,15:09:01,2,71654,Java File,java,248,193,.12,11,Medium,1,9,1,53,8,52,0,Peripheral,2,0,3,1,2403,0,.77777779,1,.80000001,37,0,.3018868,1,.31481481,1,1,18044,PlantVisorPRO/src/com/carel/supervisor/presentation/bean/XMLBeanList.java
nicola.compagno,/branches/pvpro_bf_1.4/src/developments/PlantVisorPRO/src/com/carel/supervisor/presentation/https2xml/RequestParametersList.java,M,2009-02-11,15:09:01,2,87552,Java File,java,149,108,.11,11,Medium,1,8,1,293,7,292,0,Control,5,0,3,1,2403,0,.375,1,.44444445,237,0,.19112629,1,.19387755,1,1,18045,PlantVisorPRO/src/com/carel/supervisor/presentation/https2xml/RequestParametersList.java
nicola.compagno,/trunk/src/developments/PlantVisorPRO/src/com/carel/supervisor/presentation/bean/XMLBeanList.java,M,2009-02-11,15:18:45,2,71654,Java File,java,248,193,.12,11,Medium,1,9,1,53,8,52,0,Peripheral,2,0,3,1,2403,0,.77777779,1,.80000001,37,0,.3018868,1,.31481481,1,1,18046,PlantVisorPRO/src/com/carel/supervisor/presentation/bean/XMLBeanList.java
nicola.compagno,/trunk/src/developments/PlantVisorPRO/src/com/carel/supervisor/presentation/https2xml/RequestParametersList.java,M,2009-02-11,15:18:45,2,87552,Java File,java,149,108,.11,11,Medium,1,8,1,293,7,292,0,Control,5,0,3,1,2403,0,.375,1,.44444445,237,0,.19112629,1,.19387755,1,1,18047,PlantVisorPRO/src/com/carel/supervisor/presentation/https2xml/RequestParametersList.java
fabio.boldrin,/trunk/src/developments/PlantVisorPRO/src/com/carel/supervisor/dataaccess/datalog/impl/VarphyBeanList.java,M,2009-02-12,15:27:40,2,27869,Java File,java,642,531,.01,5,Low,1,11,1,83,10,82,0,Peripheral,9,0,6,1,2403,0,.18181819,1,.25,74,0,.10843374,1,.11904762,1,1,18053,PlantVisorPRO/src/com/carel/supervisor/dataaccess/datalog/impl/VarphyBeanList.java
fabio.boldrin,/trunk/src/developments/PlantVisorPRO/src/com/carel/supervisor/presentation/bean/rule/ActionBeanList.java,M,2009-02-12,15:27:40,2,43195,Java File,java,902,744,.06,23,High,1,21,1,91,20,90,0,Peripheral,11,0,3,1,2403,0,.47619048,1,.5,68,0,.25274727,1,.26086956,1,1,18054,PlantVisorPRO/src/com/carel/supervisor/presentation/bean/rule/ActionBeanList.java
fabio.boldrin,/trunk/src/developments/PlantVisorPRO/src/com/carel/supervisor/dispatcher/action/VAction.java,M,2009-02-12,15:28:35,2,110986,Java File,java,366,263,.2,12,Medium,2,19,2,287,19,287,0,Control,12,0,2,1,2403,0,.36842105,1,.42857143,214,0,.2543554,1,.25951558,1,1,18060,PlantVisorPRO/src/com/carel/supervisor/dispatcher/action/VAction.java
fabio.boldrin,/trunk/src/developments/PlantVisorPRO/src/com/carel/supervisor/presentation/bo/BSetAction.java,M,2009-02-12,15:28:35,2,72745,Java File,java,451,386,.09,53,Untestable,2,9,2,361,9,361,0,Control,3,0,6,1,2403,0,.66666669,1,.72727275,302,0,.16343491,1,.16804408,1,1,18061,PlantVisorPRO/src/com/carel/supervisor/presentation/bo/BSetAction.java
fabio.boldrin,/trunk/src/developments/PlantVisorPRO/src/com/carel/supervisor/director/lightnight/LNConfig.java,M,2009-02-12,15:29:16,2,6056,Java File,java,448,408,.02,35,High,1,5,1,51,4,50,0,Peripheral,1,0,3,1,2403,0,.80000001,1,.83333331,37,0,.27450982,1,.28846154,1,1,18065,PlantVisorPRO/src/com/carel/supervisor/director/lightnight/LNConfig.java
fabio.boldrin,/trunk/src/developments/PlantVisorPRO/src/com/carel/supervisor/director/lightnight/LightNightMgr.java,M,2009-02-12,15:29:16,2,40046,Java File,java,339,304,.01,14,Medium,2,11,17,215,11,230,3,Control,8,0,3,1,2403,8,.27272728,1,.38461539,169,2,.2139535,.88235295,.26293105,.86956519,.98260868,18066,PlantVisorPRO/src/com/carel/supervisor/director/lightnight/LightNightMgr.java
fabio.boldrin,/trunk/src/developments/PlantVisorPRO/src/com/carel/supervisor/presentation/bo/BLuciNotte.java,M,2009-02-12,15:29:16,2,101145,Java File,java,795,537,.21,50,High,2,14,2,301,14,301,0,Control,6,0,3,1,2403,0,.5714286,1,.625,235,0,.2192691,1,.22442244,1,1,18067,PlantVisorPRO/src/com/carel/supervisor/presentation/bo/BLuciNotte.java
fabio.boldrin,/trunk/src/developments/PlantVisorPRO/src/com/carel/supervisor/presentation/lucinotte/LNDays.java,M,2009-02-12,15:29:16,2,3674,Java File,java,311,242,.03,11,Medium,1,8,1,288,7,287,0,Control,2,0,3,1,2403,0,.75,1,.77777779,231,0,.19791667,1,.20069204,1,1,18068,PlantVisorPRO/src/com/carel/supervisor/presentation/lucinotte/LNDays.java
andrea.rana,/trunk/src/developments/c_source/pvproshell/PVShell2/PVShell2Dlg.cpp,M,2009-02-12,16:40:03,2,109598,C Code File,cpp,1536,1124,.1,19,Medium,1,9,1,9,8,8,0,Secondary network,0,0,34,10,13,0,1,1,1,0,0,1,1,1,1,1,18074,c_source/pvproshell/PVShell2/PVShell2Dlg.cpp
andrea.rana,/trunk/src/developments/c_source/pvproshell/PVShell2/PVShell2Dlg.h,M,2009-02-12,16:40:03,2,14066,C Header File,h,142,102,.13,1,Low,3,2,3,2,3,3,0,Secondary network,0,0,34,10,13,0,1,1,1,0,0,1,1,1,1,1,18075,c_source/pvproshell/PVShell2/PVShell2Dlg.h
andrea.rana,/trunk/src/developments/c_source/pvproshell/PVShell2/UserMan.cpp,M,2009-02-12,16:40:03,2,76937,C Code File,cpp,236,177,.24,6,Low,1,2,1,2,1,1,0,Secondary network,0,0,34,10,13,0,1,1,1,0,0,1,1,1,1,1,18076,c_source/pvproshell/PVShell2/UserMan.cpp
andrea.rana,/trunk/src/developments/c_source/pvproshell/PVShell2/UserMan.h,M,2009-02-12,16:40:03,2,9929,C Header File,h,19,11,.09,0,Low,3,1,3,1,2,2,0,Secondary network,0,0,34,10,13,0,1,1,1,0,0,1,1,1,1,1,18077,c_source/pvproshell/PVShell2/UserMan.h
andrea.rana,/trunk/src/developments/c_source/pvproshell/PVShell2/stdafx.h,M,2009-02-12,16:40:03,2,,C Header File,h,73,0,0,0,Low,1,1,1,1,0,0,0,Unconnected,,,,324,1,0,,,,,,,,,1,1,18078,c_source/pvproshell/PVShell2/stdafx.h
fabio.boldrin,/branches/pvpro_bf_1.4/src/developments/PlantVisorPRO/src/com/carel/supervisor/dispatcher/action/VAction.java,M,2009-02-13,13:22:45,2,110986,Java File,java,366,263,.2,12,Medium,2,19,2,287,19,287,0,Control,12,0,2,1,2403,0,.36842105,1,.42857143,214,0,.2543554,1,.25951558,1,1,18086,PlantVisorPRO/src/com/carel/supervisor/dispatcher/action/VAction.java
fabio.boldrin,/branches/pvpro_bf_1.4/src/developments/PlantVisorPRO/src/com/carel/supervisor/presentation/bo/BSetAction.java,M,2009-02-13,13:22:45,2,72745,Java File,java,451,386,.09,53,Untestable,2,9,2,361,9,361,0,Control,3,0,6,1,2403,0,.66666669,1,.72727275,302,0,.16343491,1,.16804408,1,1,18087,PlantVisorPRO/src/com/carel/supervisor/presentation/bo/BSetAction.java
luca.biolo,/trunk/src/developments/PlantVisorPRO/src/com/carel/supervisor/presentation/bean/LineBeanList.java,M,2009-02-19,11:31:14,2,99516,Java File,java,631,495,.06,7,Low,2,22,16,398,22,412,4,Control,7,0,3,1,2403,14,.68181819,1,.70833331,318,10,.20100503,.375,.20772947,.82608694,.98543692,18097,PlantVisorPRO/src/com/carel/supervisor/presentation/bean/LineBeanList.java
fabio.boldrin,/branches/pvpro_bf_1.4/src/developments/PlantVisorPRO/src/com/carel/supervisor/director/lightnight/LightNightMgr.java,M,2009-02-25,10:43:05,2,40046,Java File,java,339,304,.01,14,Medium,2,11,17,215,11,230,3,Control,8,0,3,1,2403,8,.27272728,1,.38461539,169,2,.2139535,.88235295,.26293105,.86956519,.98260868,18101,PlantVisorPRO/src/com/carel/supervisor/director/lightnight/LightNightMgr.java
riccardo.fantato,/branches/pvpro_bf_1.4/src/developments/PlantVisorPRO/src/com/carel/supervisor/director/graph/FlashObjParameters.java,M,2009-02-25,13:14:59,2,,Java File,java,90,38,1.24,1,Low,1,1,1,1,0,0,0,Unconnected,,,,108,1,0,,,,,,,,,1,1,18118,PlantVisorPRO/src/com/carel/supervisor/director/graph/FlashObjParameters.java
riccardo.fantato,/branches/pvpro_bf_1.4/src/developments/PlantVisorPRO/src/com/carel/supervisor/director/graph/GraphRequest.java,M,2009-02-25,13:14:59,2,96559,Java File,java,379,283,.26,11,Medium,1,12,1,128,11,127,0,Peripheral,8,0,30,1,2403,0,.33333334,1,.38461539,124,0,.03125,1,.03875969,1,1,18119,PlantVisorPRO/src/com/carel/supervisor/director/graph/GraphRequest.java
riccardo.fantato,/branches/pvpro_bf_1.4/src/developments/PlantVisorPRO/src/com/carel/supervisor/director/graph/NormalizeSerie.java,M,2009-02-25,13:14:59,2,10379,Java File,java,569,363,.54,17,Medium,1,6,1,130,5,129,0,Peripheral,1,0,30,1,2403,0,.83333331,1,.85714287,124,0,.046153847,1,.053435113,1,1,18120,PlantVisorPRO/src/com/carel/supervisor/director/graph/NormalizeSerie.java
riccardo.fantato,/branches/pvpro_bf_1.4/src/developments/PlantVisorPRO/src/com/carel/supervisor/director/graph/YGraphCoordinates.java,M,2009-02-25,13:14:59,2,,Java File,java,116,92,.24,7,Low,1,1,1,1,0,0,0,Unconnected,,,,111,1,0,,,,,,,,,1,1,18121,PlantVisorPRO/src/com/carel/supervisor/director/graph/YGraphCoordinates.java
riccardo.fantato,/branches/pvpro_bf_1.4/src/developments/PlantVisorPRO/src/com/carel/supervisor/presentation/bean/ConfigurationGraphBean.java,M,2009-02-25,13:14:59,2,22198,Java File,java,224,145,.26,19,Medium,1,3,1,33,2,32,0,Peripheral,1,0,3,1,2403,0,.66666669,1,.75,29,0,.12121212,1,.14705883,1,1,18122,PlantVisorPRO/src/com/carel/supervisor/presentation/bean/ConfigurationGraphBean.java
riccardo.fantato,/branches/pvpro_bf_1.4/src/developments/PlantVisorPRO/src/com/carel/supervisor/presentation/bean/ConfigurationGraphBeanList.java,M,2009-02-25,13:14:59,2,112917,Java File,java,658,512,.12,17,Medium,2,13,52,302,13,352,6,Control,8,0,6,1,2403,13,.38461539,1,.46666667,249,25,.17549668,.51923078,.2259887,.73913044,.97159094,18123,PlantVisorPRO/src/com/carel/supervisor/presentation/bean/ConfigurationGraphBeanList.java
riccardo.fantato,/branches/pvpro_bf_1.4/src/developments/PlantVisorPRO/src/com/carel/supervisor/presentation/bo/BDtlView.java,M,2009-02-25,13:14:59,2,94105,Java File,java,1283,940,.18,39,High,2,42,8,323,42,329,0,Control,34,0,3,1,2403,0,.19047619,1,.22727273,260,6,.19504644,.25,.19637462,1,1,18124,PlantVisorPRO/src/com/carel/supervisor/presentation/bo/BDtlView.java
riccardo.fantato,/branches/pvpro_bf_1.4/src/developments/PlantVisorPRO/src/com/carel/supervisor/presentation/bo/BGrpView.java,M,2009-02-25,13:14:59,2,35953,Java File,java,237,183,.11,9,Low,1,18,1,313,17,312,0,Control,8,0,6,1,2403,0,.55555558,1,.57894737,254,0,.18849841,1,.19108281,1,1,18125,PlantVisorPRO/src/com/carel/supervisor/presentation/bo/BGrpView.java
riccardo.fantato,/branches/pvpro_bf_1.4/src/developments/PlantVisorPRO/src/com/carel/supervisor/presentation/graph/LoadDevice.java,M,2009-02-25,13:14:59,2,86391,Java File,java,142,97,.31,11,Medium,1,8,1,306,7,305,0,Control,4,0,3,1,2403,0,.5,1,.55555558,244,0,.20261438,1,.20521173,1,1,18126,PlantVisorPRO/src/com/carel/supervisor/presentation/graph/LoadDevice.java
riccardo.fantato,/branches/pvpro_bf_1.4/src/developments/PlantVisorPRO/src/com/carel/supervisor/presentation/graph/LoadGraph.java,M,2009-02-25,13:14:59,2,105657,Java File,java,188,140,.26,18,Medium,1,13,1,303,12,302,0,Control,6,0,30,1,2403,0,.53846157,1,.5714286,293,0,.0330033,1,.03618421,1,1,18127,PlantVisorPRO/src/com/carel/supervisor/presentation/graph/LoadGraph.java
riccardo.fantato,/branches/pvpro_bf_1.4/src/developments/PlantVisorPRO/src/com/carel/supervisor/presentation/graph/UnitMeasurementConstant.java,M,2009-02-25,13:14:59,2,,Java File,java,305,244,.07,6,Low,1,1,1,1,0,0,0,Unconnected,,,,179,1,0,,,,,,,,,1,1,18128,PlantVisorPRO/src/com/carel/supervisor/presentation/graph/UnitMeasurementConstant.java
riccardo.fantato,/branches/pvpro_bf_1.4/src/developments/PlantVisorPRO/src/supervisor/MasterGraph.java,M,2009-02-25,13:14:59,2,3081,Java File,java,149,106,.25,9,Low,1,9,1,447,8,446,0,Control,3,0,6,1,2403,0,.66666669,1,.69999999,384,0,.14093959,1,.14285715,1,1,18129,PlantVisorPRO/src/supervisor/MasterGraph.java
riccardo.fantato,/trunk/src/developments/PlantVisorPRO/src/com/carel/supervisor/director/graph/FlashObjParameters.java,M,2009-02-25,13:23:14,2,,Java File,java,90,38,1.24,1,Low,1,1,1,1,0,0,0,Unconnected,,,,108,1,0,,,,,,,,,1,1,18139,PlantVisorPRO/src/com/carel/supervisor/director/graph/FlashObjParameters.java
riccardo.fantato,/trunk/src/developments/PlantVisorPRO/src/com/carel/supervisor/director/graph/GraphRequest.java,M,2009-02-25,13:23:14,2,96559,Java File,java,379,283,.26,11,Medium,1,12,1,128,11,127,0,Peripheral,8,0,30,1,2403,0,.33333334,1,.38461539,124,0,.03125,1,.03875969,1,1,18140,PlantVisorPRO/src/com/carel/supervisor/director/graph/GraphRequest.java
riccardo.fantato,/trunk/src/developments/PlantVisorPRO/src/com/carel/supervisor/director/graph/NormalizeSerie.java,M,2009-02-25,13:23:14,2,10379,Java File,java,569,363,.54,17,Medium,1,6,1,130,5,129,0,Peripheral,1,0,30,1,2403,0,.83333331,1,.85714287,124,0,.046153847,1,.053435113,1,1,18141,PlantVisorPRO/src/com/carel/supervisor/director/graph/NormalizeSerie.java
riccardo.fantato,/trunk/src/developments/PlantVisorPRO/src/com/carel/supervisor/director/graph/YGraphCoordinates.java,M,2009-02-25,13:23:14,2,,Java File,java,116,92,.24,7,Low,1,1,1,1,0,0,0,Unconnected,,,,111,1,0,,,,,,,,,1,1,18142,PlantVisorPRO/src/com/carel/supervisor/director/graph/YGraphCoordinates.java
riccardo.fantato,/trunk/src/developments/PlantVisorPRO/src/com/carel/supervisor/presentation/bean/ConfigurationGraphBean.java,M,2009-02-25,13:23:14,2,22198,Java File,java,224,145,.26,19,Medium,1,3,1,33,2,32,0,Peripheral,1,0,3,1,2403,0,.66666669,1,.75,29,0,.12121212,1,.14705883,1,1,18143,PlantVisorPRO/src/com/carel/supervisor/presentation/bean/ConfigurationGraphBean.java
riccardo.fantato,/trunk/src/developments/PlantVisorPRO/src/com/carel/supervisor/presentation/bean/ConfigurationGraphBeanList.java,M,2009-02-25,13:23:14,2,112917,Java File,java,658,512,.12,17,Medium,2,13,52,302,13,352,6,Control,8,0,6,1,2403,13,.38461539,1,.46666667,249,25,.17549668,.51923078,.2259887,.73913044,.97159094,18144,PlantVisorPRO/src/com/carel/supervisor/presentation/bean/ConfigurationGraphBeanList.java
riccardo.fantato,/trunk/src/developments/PlantVisorPRO/src/com/carel/supervisor/presentation/bo/BDtlView.java,M,2009-02-25,13:23:14,2,94105,Java File,java,1283,940,.18,39,High,2,42,8,323,42,329,0,Control,34,0,3,1,2403,0,.19047619,1,.22727273,260,6,.19504644,.25,.19637462,1,1,18145,PlantVisorPRO/src/com/carel/supervisor/presentation/bo/BDtlView.java
riccardo.fantato,/trunk/src/developments/PlantVisorPRO/src/com/carel/supervisor/presentation/bo/BGrpView.java,M,2009-02-25,13:23:14,2,35953,Java File,java,237,183,.11,9,Low,1,18,1,313,17,312,0,Control,8,0,6,1,2403,0,.55555558,1,.57894737,254,0,.18849841,1,.19108281,1,1,18146,PlantVisorPRO/src/com/carel/supervisor/presentation/bo/BGrpView.java
riccardo.fantato,/trunk/src/developments/PlantVisorPRO/src/com/carel/supervisor/presentation/graph/LoadDevice.java,M,2009-02-25,13:23:14,2,86391,Java File,java,142,97,.31,11,Medium,1,8,1,306,7,305,0,Control,4,0,3,1,2403,0,.5,1,.55555558,244,0,.20261438,1,.20521173,1,1,18147,PlantVisorPRO/src/com/carel/supervisor/presentation/graph/LoadDevice.java
riccardo.fantato,/trunk/src/developments/PlantVisorPRO/src/com/carel/supervisor/presentation/graph/LoadGraph.java,M,2009-02-25,13:23:14,2,105657,Java File,java,188,140,.26,18,Medium,1,13,1,303,12,302,0,Control,6,0,30,1,2403,0,.53846157,1,.5714286,293,0,.0330033,1,.03618421,1,1,18148,PlantVisorPRO/src/com/carel/supervisor/presentation/graph/LoadGraph.java
riccardo.fantato,/trunk/src/developments/PlantVisorPRO/src/com/carel/supervisor/presentation/graph/UnitMeasurementConstant.java,M,2009-02-25,13:23:14,2,,Java File,java,305,244,.07,6,Low,1,1,1,1,0,0,0,Unconnected,,,,179,1,0,,,,,,,,,1,1,18149,PlantVisorPRO/src/com/carel/supervisor/presentation/graph/UnitMeasurementConstant.java
riccardo.fantato,/trunk/src/developments/PlantVisorPRO/src/supervisor/MasterGraph.java,M,2009-02-25,13:23:14,2,3081,Java File,java,149,106,.25,9,Low,1,9,1,447,8,446,0,Control,3,0,6,1,2403,0,.66666669,1,.69999999,384,0,.14093959,1,.14285715,1,1,18150,PlantVisorPRO/src/supervisor/MasterGraph.java
fabio.boldrin,/branches/pvpro_bf_1.4/src/developments/PlantVisorPRO/src/com/carel/supervisor/presentation/bean/LogicDeviceBeanList.java,M,2009-02-25,13:37:18,2,70857,Java File,java,433,313,.22,7,Low,1,12,1,285,11,284,0,Control,2,0,3,1,2403,0,.83333331,1,.84615386,231,0,.18947369,1,.1923077,1,1,18158,PlantVisorPRO/src/com/carel/supervisor/presentation/bean/LogicDeviceBeanList.java
fabio.boldrin,/branches/pvpro_bf_1.4/src/developments/PlantVisorPRO/src/com/carel/supervisor/presentation/bean/LogicVariableBeanList.java,M,2009-02-25,13:37:18,2,77009,Java File,java,651,499,.16,10,Low,2,13,6,284,13,288,0,Control,4,0,3,1,2403,0,.69230771,1,.73333335,231,4,.18661971,.33333334,.18965517,1,1,18159,PlantVisorPRO/src/com/carel/supervisor/presentation/bean/LogicVariableBeanList.java
fabio.boldrin,/branches/pvpro_bf_1.4/src/developments/PlantVisorPRO/src/com/carel/supervisor/presentation/bo/BLuciNotte.java,M,2009-02-25,13:38:07,2,101145,Java File,java,795,537,.21,50,High,2,14,2,301,14,301,0,Control,6,0,3,1,2403,0,.5714286,1,.625,235,0,.2192691,1,.22442244,1,1,18161,PlantVisorPRO/src/com/carel/supervisor/presentation/bo/BLuciNotte.java
fabio.boldrin,/branches/pvpro_bf_1.4/src/developments/PlantVisorPRO/src/com/carel/supervisor/presentation/bo/BSetAction.java,M,2009-02-25,13:38:37,2,72745,Java File,java,451,386,.09,53,Untestable,2,9,2,361,9,361,0,Control,3,0,6,1,2403,0,.66666669,1,.72727275,302,0,.16343491,1,.16804408,1,1,18162,PlantVisorPRO/src/com/carel/supervisor/presentation/bo/BSetAction.java
riccardo.fantato,/trunk/src/developments/PlantVisorPRO/src/supervisor/MasterGraph.java,M,2009-02-25,14:24:56,2,3081,Java File,java,149,106,.25,9,Low,1,9,1,447,8,446,0,Control,3,0,6,1,2403,0,.66666669,1,.69999999,384,0,.14093959,1,.14285715,1,1,18163,PlantVisorPRO/src/supervisor/MasterGraph.java
riccardo.fantato,/branches/pvpro_bf_1.4/src/developments/PlantVisorPRO/src/supervisor/MasterGraph.java,M,2009-02-25,14:25:42,2,3081,Java File,java,149,106,.25,9,Low,1,9,1,447,8,446,0,Control,3,0,6,1,2403,0,.66666669,1,.69999999,384,0,.14093959,1,.14285715,1,1,18164,PlantVisorPRO/src/supervisor/MasterGraph.java
riccardo.fantato,/trunk/src/developments/PlantVisorPRO/src/com/carel/supervisor/director/graph/GraphRequest.java,M,2009-02-25,15:14:15,2,96559,Java File,java,379,283,.26,11,Medium,1,12,1,128,11,127,0,Peripheral,8,0,30,1,2403,0,.33333334,1,.38461539,124,0,.03125,1,.03875969,1,1,18165,PlantVisorPRO/src/com/carel/supervisor/director/graph/GraphRequest.java
riccardo.fantato,/trunk/src/developments/PlantVisorPRO/src/com/carel/supervisor/director/graph/NormalizeSerie.java,M,2009-02-25,15:14:15,2,10379,Java File,java,569,363,.54,17,Medium,1,6,1,130,5,129,0,Peripheral,1,0,30,1,2403,0,.83333331,1,.85714287,124,0,.046153847,1,.053435113,1,1,18166,PlantVisorPRO/src/com/carel/supervisor/director/graph/NormalizeSerie.java
riccardo.fantato,/branches/pvpro_bf_1.4/src/developments/PlantVisorPRO/src/com/carel/supervisor/director/graph/GraphRequest.java,M,2009-02-25,15:15:00,2,96559,Java File,java,379,283,.26,11,Medium,1,12,1,128,11,127,0,Peripheral,8,0,30,1,2403,0,.33333334,1,.38461539,124,0,.03125,1,.03875969,1,1,18167,PlantVisorPRO/src/com/carel/supervisor/director/graph/GraphRequest.java
riccardo.fantato,/branches/pvpro_bf_1.4/src/developments/PlantVisorPRO/src/com/carel/supervisor/director/graph/NormalizeSerie.java,M,2009-02-25,15:15:00,2,10379,Java File,java,569,363,.54,17,Medium,1,6,1,130,5,129,0,Peripheral,1,0,30,1,2403,0,.83333331,1,.85714287,124,0,.046153847,1,.053435113,1,1,18168,PlantVisorPRO/src/com/carel/supervisor/director/graph/NormalizeSerie.java
riccardo.fantato,/branches/pvpro_bf_1.4/src/developments/PlantVisorPRO/src/com/carel/supervisor/director/graph/GraphRequest.java,M,2009-02-25,16:37:34,2,96559,Java File,java,379,283,.26,11,Medium,1,12,1,128,11,127,0,Peripheral,8,0,30,1,2403,0,.33333334,1,.38461539,124,0,.03125,1,.03875969,1,1,18169,PlantVisorPRO/src/com/carel/supervisor/director/graph/GraphRequest.java
riccardo.fantato,/trunk/src/developments/PlantVisorPRO/src/com/carel/supervisor/director/graph/GraphRequest.java,M,2009-02-25,16:37:46,2,96559,Java File,java,379,283,.26,11,Medium,1,12,1,128,11,127,0,Peripheral,8,0,30,1,2403,0,.33333334,1,.38461539,124,0,.03125,1,.03875969,1,1,18170,PlantVisorPRO/src/com/carel/supervisor/director/graph/GraphRequest.java
nicola.compagno,/branches/pvpro_bf_1.4/src/developments/PlantVisorPRO/src/com/carel/supervisor/presentation/bo/helper/VarDetailHelper.java,M,2009-02-26,09:43:57,2,57898,Java File,java,405,338,.06,20,Medium,1,13,1,91,12,90,0,Peripheral,7,0,6,1,2403,0,.46153846,1,.5,76,0,.16483517,1,.17391305,1,1,18190,PlantVisorPRO/src/com/carel/supervisor/presentation/bo/helper/VarDetailHelper.java
nicola.compagno,/branches/pvpro_bf_1.4/src/developments/PlantVisorPRO/src/com/carel/supervisor/presentation/bo/helper/VarDetailHelper.java,M,2009-02-26,10:14:29,2,57898,Java File,java,405,338,.06,20,Medium,1,13,1,91,12,90,0,Peripheral,7,0,6,1,2403,0,.46153846,1,.5,76,0,.16483517,1,.17391305,1,1,18192,PlantVisorPRO/src/com/carel/supervisor/presentation/bo/helper/VarDetailHelper.java
nicola.compagno,/trunk/src/developments/PlantVisorPRO/src/com/carel/supervisor/presentation/bo/helper/VarDetailHelper.java,M,2009-02-26,10:31:04,2,57898,Java File,java,405,338,.06,20,Medium,1,13,1,91,12,90,0,Peripheral,7,0,6,1,2403,0,.46153846,1,.5,76,0,.16483517,1,.17391305,1,1,18199,PlantVisorPRO/src/com/carel/supervisor/presentation/bo/helper/VarDetailHelper.java
fabio.boldrin,/branches/pvpro_bf_1.4/src/developments/PlantVisorPRO/src/com/carel/supervisor/director/lightnight/LightNightMgr.java,M,2009-02-26,13:23:08,2,40046,Java File,java,339,304,.01,14,Medium,2,11,17,215,11,230,3,Control,8,0,3,1,2403,8,.27272728,1,.38461539,169,2,.2139535,.88235295,.26293105,.86956519,.98260868,18204,PlantVisorPRO/src/com/carel/supervisor/director/lightnight/LightNightMgr.java
riccardo.fantato,/trunk/src/developments/PlantVisorPRO/src/com/carel/supervisor/director/graph/GraphRequest.java,M,2009-02-26,16:10:55,2,96559,Java File,java,379,283,.26,11,Medium,1,12,1,128,11,127,0,Peripheral,8,0,30,1,2403,0,.33333334,1,.38461539,124,0,.03125,1,.03875969,1,1,18207,PlantVisorPRO/src/com/carel/supervisor/director/graph/GraphRequest.java
riccardo.fantato,/branches/pvpro_bf_1.4/src/developments/PlantVisorPRO/src/com/carel/supervisor/director/graph/GraphRequest.java,M,2009-02-26,16:11:39,2,96559,Java File,java,379,283,.26,11,Medium,1,12,1,128,11,127,0,Peripheral,8,0,30,1,2403,0,.33333334,1,.38461539,124,0,.03125,1,.03875969,1,1,18208,PlantVisorPRO/src/com/carel/supervisor/director/graph/GraphRequest.java
nicola.compagno,/trunk/src/developments/PlantVisorPRO/src/com/carel/supervisor/presentation/bean/XMLBeanList.java,M,2009-02-27,14:22:49,2,71654,Java File,java,248,193,.12,11,Medium,1,9,1,53,8,52,0,Peripheral,2,0,3,1,2403,0,.77777779,1,.80000001,37,0,.3018868,1,.31481481,1,1,18219,PlantVisorPRO/src/com/carel/supervisor/presentation/bean/XMLBeanList.java
nicola.compagno,/branches/pvpro_bf_1.4/src/developments/PlantVisorPRO/src/com/carel/supervisor/presentation/bean/XMLBeanList.java,M,2009-02-27,14:35:56,2,71654,Java File,java,248,193,.12,11,Medium,1,9,1,53,8,52,0,Peripheral,2,0,3,1,2403,0,.77777779,1,.80000001,37,0,.3018868,1,.31481481,1,1,18240,PlantVisorPRO/src/com/carel/supervisor/presentation/bean/XMLBeanList.java
kevin.ge,/trunk/src/developments/PlantVisorPRO/src/com/carel/supervisor/presentation/dbllistbox/DblListBox.java,M,2009-03-04,03:54:06,2,93341,Java File,java,335,259,.05,10,Low,2,2,14,2,2,14,0,Peripheral,0,0,9,1,2403,0,1,1,1,0,2,1,.85714287,.875,1,1,18266,PlantVisorPRO/src/com/carel/supervisor/presentation/dbllistbox/DblListBox.java
luca.biolo,/trunk/src/developments/PlantVisorPRO/src/com/carel/supervisor/presentation/bo/BAlrGlb.java,M,2009-03-05,01:15:05,2,113740,Java File,java,101,59,.36,2,Low,1,7,1,286,6,285,0,Control,1,0,6,1,2403,0,.85714287,1,.875,232,0,.18881118,1,.19163764,1,1,18314,PlantVisorPRO/src/com/carel/supervisor/presentation/bo/BAlrGlb.java
kevin.ge,/trunk/src/developments/PlantVisorPRO/src/com/carel/supervisor/presentation/bo/BAlrSched.java,M,2009-03-05,01:43:35,2,19324,Java File,java,863,719,.04,33,High,1,27,1,366,26,365,0,Control,16,0,6,1,2403,0,.4074074,1,.42857143,303,0,.17213115,1,.17438692,1,1,18315,PlantVisorPRO/src/com/carel/supervisor/presentation/bo/BAlrSched.java
kevin.ge,/trunk/src/developments/PlantVisorPRO/src/com/carel/supervisor/presentation/bo/BSystem.java,M,2009-03-05,01:43:35,2,107590,Java File,java,1491,1114,.14,111,Untestable,2,51,4,510,51,512,0,Control,31,0,6,1,2403,0,.39215687,1,.41509435,443,0,.13137256,1,.13813229,1,1,18316,PlantVisorPRO/src/com/carel/supervisor/presentation/bo/BSystem.java
kevin.ge,/trunk/src/developments/PlantVisorPRO/src/com/carel/supervisor/presentation/bo/helper/GuardianHelper.java,M,2009-03-05,01:43:35,2,71159,Java File,java,205,167,.01,6,Low,1,16,1,287,15,286,0,Control,12,0,9,1,2403,0,.25,1,.29411766,272,0,.05226481,1,.055555556,1,1,18317,PlantVisorPRO/src/com/carel/supervisor/presentation/bo/helper/GuardianHelper.java
simon.zhang,/trunk/src/developments/PlantVisorPRO/src/com/carel/supervisor/base/profiling/IProfiler.java,M,2009-03-05,05:28:38,2,80194,Java File,java,47,31,.1,1,Low,1,6,1,13,5,12,0,Peripheral,3,0,13,1,2403,0,.5,1,.5714286,5,0,.61538464,1,.64285713,1,1,18334,PlantVisorPRO/src/com/carel/supervisor/base/profiling/IProfiler.java
simon.zhang,/trunk/src/developments/PlantVisorPRO/src/com/carel/supervisor/dataaccess/datalog/impl/AlarmLogList.java,M,2009-03-05,05:28:38,2,24249,Java File,java,441,350,.04,10,Low,1,9,1,55,8,54,0,Peripheral,6,0,6,1,2403,0,.33333334,1,.40000001,51,0,.07272727,1,.089285716,1,1,18335,PlantVisorPRO/src/com/carel/supervisor/dataaccess/datalog/impl/AlarmLogList.java
simon.zhang,/trunk/src/developments/PlantVisorPRO/src/com/carel/supervisor/presentation/alarms/AlarmCalledOfList.java,M,2009-03-05,05:28:38,2,84705,Java File,java,513,416,0,16,Medium,1,23,1,289,22,288,0,Control,4,0,6,1,2403,0,.82608694,1,.83333331,233,0,.19377163,1,.19655173,1,1,18336,PlantVisorPRO/src/com/carel/supervisor/presentation/alarms/AlarmCalledOfList.java
simon.zhang,/trunk/src/developments/PlantVisorPRO/src/com/carel/supervisor/presentation/alarms/AlarmList.java,M,2009-03-05,05:28:38,2,73706,Java File,java,882,709,.01,16,Medium,1,23,1,289,22,288,0,Control,4,0,6,1,2403,0,.82608694,1,.83333331,233,0,.19377163,1,.19655173,1,1,18337,PlantVisorPRO/src/com/carel/supervisor/presentation/alarms/AlarmList.java
simon.zhang,/trunk/src/developments/PlantVisorPRO/src/com/carel/supervisor/presentation/bean/ProfileBean.java,M,2009-03-05,05:28:38,2,40463,Java File,java,152,102,.28,5,Low,1,5,1,36,4,35,0,Peripheral,2,0,3,1,2403,0,.60000002,1,.66666669,31,0,.1388889,1,.16216215,1,1,18338,PlantVisorPRO/src/com/carel/supervisor/presentation/bean/ProfileBean.java
simon.zhang,/trunk/src/developments/PlantVisorPRO/src/com/carel/supervisor/presentation/bean/search/SearchEvent.java,M,2009-03-05,05:28:38,2,48279,Java File,java,562,443,.05,15,Medium,2,19,4,286,19,288,0,Control,9,0,6,1,2403,0,.52631581,1,.5714286,233,0,.18531469,1,.19655173,1,1,18339,PlantVisorPRO/src/com/carel/supervisor/presentation/bean/search/SearchEvent.java
simon.zhang,/trunk/src/developments/PlantVisorPRO/src/com/carel/supervisor/presentation/devices/DeviceList.java,M,2009-03-05,05:28:38,2,69406,Java File,java,495,384,.05,12,Medium,1,25,1,283,24,282,0,Control,8,0,6,1,2403,0,.68000001,1,.69230771,232,0,.18021202,1,.18309858,1,1,18340,PlantVisorPRO/src/com/carel/supervisor/presentation/devices/DeviceList.java
simon.zhang,/trunk/src/developments/PlantVisorPRO/src/com/carel/supervisor/presentation/events/EventList.java,M,2009-03-05,05:28:38,2,64757,Java File,java,366,304,.01,11,Medium,2,19,4,287,19,289,0,Control,8,0,6,1,2403,0,.57894737,1,.61904764,233,0,.18815331,1,.19931272,1,1,18341,PlantVisorPRO/src/com/carel/supervisor/presentation/events/EventList.java
simon.zhang,/trunk/src/developments/PlantVisorPRO/src/com/carel/supervisor/presentation/events/ParamsList.java,M,2009-03-05,05:28:38,2,116038,Java File,java,189,162,.01,5,Low,2,12,4,283,12,285,0,Control,5,0,6,1,2403,0,.58333331,1,.64285713,232,0,.18021202,1,.19163764,1,1,18342,PlantVisorPRO/src/com/carel/supervisor/presentation/events/ParamsList.java
simon.zhang,/trunk/src/developments/PlantVisorPRO/src/com/carel/supervisor/presentation/ldap/DBProfiler.java,M,2009-03-05,05:28:38,2,49438,Java File,java,1003,788,.1,54,Untestable,2,27,4,311,27,313,0,Control,11,0,3,1,2403,0,.5925926,1,.62068963,248,2,.20257235,.5,.20634921,1,1,18343,PlantVisorPRO/src/com/carel/supervisor/presentation/ldap/DBProfiler.java
simon.zhang,/trunk/src/developments/PlantVisorPRO/src/com/carel/supervisor/presentation/ldap/FunctionalityList.java,M,2009-03-05,05:28:38,2,109451,Java File,java,191,156,.03,5,Low,1,10,1,95,9,94,0,Peripheral,2,0,6,1,2403,0,.80000001,1,.81818181,76,0,.2,1,.20833333,1,1,18344,PlantVisorPRO/src/com/carel/supervisor/presentation/ldap/FunctionalityList.java
simon.zhang,/trunk/src/developments/PlantVisorPRO/src/com/carel/supervisor/presentation/ldap/FunctionsDB.java,M,2009-03-05,05:28:38,2,15338,Java File,java,609,501,.07,1,Low,1,5,1,67,4,66,0,Peripheral,1,0,3,1,2403,0,.80000001,1,.83333331,51,0,.23880596,1,.25,1,1,18345,PlantVisorPRO/src/com/carel/supervisor/presentation/ldap/FunctionsDB.java
simon.zhang,/trunk/src/developments/PlantVisorPRO/src/com/carel/supervisor/presentation/ldap/LDAPProfiler.java,M,2009-03-05,05:28:38,2,33301,Java File,java,829,609,.17,31,High,1,20,1,95,19,94,0,Peripheral,7,0,3,1,2403,0,.64999998,1,.66666669,65,0,.31578946,1,.32291666,1,1,18346,PlantVisorPRO/src/com/carel/supervisor/presentation/ldap/LDAPProfiler.java
simon.zhang,/trunk/src/developments/PlantVisorPRO/src/com/carel/supervisor/presentation/widgets/table/htmlcreate/element/HTMLTable.java,M,2009-03-05,05:28:38,2,108067,Java File,java,839,650,.05,16,Medium,1,7,1,32,6,31,0,Peripheral,3,0,6,1,2403,0,.5714286,1,.625,27,0,.15625,1,.18181819,1,1,18347,PlantVisorPRO/src/com/carel/supervisor/presentation/widgets/table/htmlcreate/element/HTMLTable.java
riccardo.fantato,/branches/pvpro_bf_1.4/src/developments/PlantVisorPRO/src/com/carel/supervisor/presentation/bean/GraphBean.java,M,2009-03-05,12:38:48,2,82084,Java File,java,121,80,.33,10,Low,1,4,1,33,3,32,0,Peripheral,2,0,3,1,2403,0,.5,1,.60000002,29,0,.12121212,1,.14705883,1,1,18358,PlantVisorPRO/src/com/carel/supervisor/presentation/bean/GraphBean.java
riccardo.fantato,/branches/pvpro_bf_1.4/src/developments/PlantVisorPRO/src/com/carel/supervisor/director/graph/GraphRequest.java,M,2009-03-05,12:39:10,2,96559,Java File,java,379,283,.26,11,Medium,1,12,1,128,11,127,0,Peripheral,8,0,30,1,2403,0,.33333334,1,.38461539,124,0,.03125,1,.03875969,1,1,18359,PlantVisorPRO/src/com/carel/supervisor/director/graph/GraphRequest.java
riccardo.fantato,/branches/pvpro_bf_1.4/src/developments/PlantVisorPRO/src/com/carel/supervisor/director/graph/NormalizeSerie.java,M,2009-03-05,12:40:24,2,10379,Java File,java,569,363,.54,17,Medium,1,6,1,130,5,129,0,Peripheral,1,0,30,1,2403,0,.83333331,1,.85714287,124,0,.046153847,1,.053435113,1,1,18360,PlantVisorPRO/src/com/carel/supervisor/director/graph/NormalizeSerie.java
riccardo.fantato,/branches/pvpro_bf_1.4/src/developments/PlantVisorPRO/src/com/carel/supervisor/presentation/graph/LoadGraph.java,M,2009-03-05,12:40:55,2,105657,Java File,java,188,140,.26,18,Medium,1,13,1,303,12,302,0,Control,6,0,30,1,2403,0,.53846157,1,.5714286,293,0,.0330033,1,.03618421,1,1,18361,PlantVisorPRO/src/com/carel/supervisor/presentation/graph/LoadGraph.java
riccardo.fantato,/trunk/src/developments/PlantVisorPRO/src/com/carel/supervisor/presentation/graph/LoadGraph.java,M,2009-03-05,12:50:40,2,105657,Java File,java,188,140,.26,18,Medium,1,13,1,303,12,302,0,Control,6,0,30,1,2403,0,.53846157,1,.5714286,293,0,.0330033,1,.03618421,1,1,18364,PlantVisorPRO/src/com/carel/supervisor/presentation/graph/LoadGraph.java
riccardo.fantato,/trunk/src/developments/PlantVisorPRO/src/com/carel/supervisor/presentation/bean/GraphBean.java,M,2009-03-05,12:51:08,2,82084,Java File,java,121,80,.33,10,Low,1,4,1,33,3,32,0,Peripheral,2,0,3,1,2403,0,.5,1,.60000002,29,0,.12121212,1,.14705883,1,1,18365,PlantVisorPRO/src/com/carel/supervisor/presentation/bean/GraphBean.java
riccardo.fantato,/trunk/src/developments/PlantVisorPRO/src/com/carel/supervisor/director/graph/GraphRequest.java,M,2009-03-05,12:51:20,2,96559,Java File,java,379,283,.26,11,Medium,1,12,1,128,11,127,0,Peripheral,8,0,30,1,2403,0,.33333334,1,.38461539,124,0,.03125,1,.03875969,1,1,18366,PlantVisorPRO/src/com/carel/supervisor/director/graph/GraphRequest.java
riccardo.fantato,/trunk/src/developments/PlantVisorPRO/src/com/carel/supervisor/director/graph/NormalizeSerie.java,M,2009-03-05,12:51:42,2,10379,Java File,java,569,363,.54,17,Medium,1,6,1,130,5,129,0,Peripheral,1,0,30,1,2403,0,.83333331,1,.85714287,124,0,.046153847,1,.053435113,1,1,18367,PlantVisorPRO/src/com/carel/supervisor/director/graph/NormalizeSerie.java
fabio.boldrin,/branches/pvpro_bf_1.4/src/developments/PlantVisorPRO/src/com/carel/supervisor/presentation/bo/BLuciNotte.java,M,2009-03-05,15:59:20,2,101145,Java File,java,795,537,.21,50,High,2,14,2,301,14,301,0,Control,6,0,3,1,2403,0,.5714286,1,.625,235,0,.2192691,1,.22442244,1,1,18371,PlantVisorPRO/src/com/carel/supervisor/presentation/bo/BLuciNotte.java
chiara.moretti,/trunk/src/developments/applications/utilities/src/com/carel/supervisor/utilities/LanguageManager.java,M,2009-03-09,14:39:45,2,112120,Java File,java,1224,799,.35,30,High,2,5,2,7,5,7,0,Secondary network,0,0,27,12,8,0,1,1,1,0,0,1,1,1,1,1,18732,applications/utilities/src/com/carel/supervisor/utilities/LanguageManager.java
chiara.moretti,/branches/pvpro_bf_1.4/src/developments/applications/utilities/src/com/carel/supervisor/utilities/LanguageManager.java,M,2009-03-09,14:40:14,2,112120,Java File,java,1224,799,.35,30,High,2,5,2,7,5,7,0,Secondary network,0,0,27,12,8,0,1,1,1,0,0,1,1,1,1,1,18733,applications/utilities/src/com/carel/supervisor/utilities/LanguageManager.java
chiara.moretti,/trunk/src/developments/c_source/ModbusSlaveExtension/MBSlaveEx/DeviceObj.cpp,M,2009-03-10,14:02:19,2,34135,C Code File,cpp,193,162,.08,12,Medium,2,4,2,14,4,14,0,Secondary network,0,0,22,6,31,0,1,1,1,0,0,1,1,1,1,1,18766,c_source/ModbusSlaveExtension/MBSlaveEx/DeviceObj.cpp
chiara.moretti,/trunk/src/developments/c_source/ModbusSlaveExtension/MBSlaveEx/MBSlaveEx.cpp,M,2009-03-10,14:02:19,2,41645,C Code File,cpp,999,736,.12,16,Medium,1,17,1,30,16,29,0,Secondary network,0,0,22,6,31,0,1,1,1,0,0,1,1,1,1,1,18767,c_source/ModbusSlaveExtension/MBSlaveEx/MBSlaveEx.cpp
chiara.moretti,/trunk/src/developments/c_source/ModbusSlaveExtension/MbAppLayer/MbAppLayer.cpp,M,2009-03-10,14:02:19,2,61884,C Code File,cpp,400,322,.02,5,Low,4,5,5,5,7,8,0,Secondary network,0,0,22,6,31,0,1,1,1,0,0,1,1,1,1,1,18770,c_source/ModbusSlaveExtension/MbAppLayer/MbAppLayer.cpp
chiara.moretti,/trunk/src/developments/c_source/ModbusSlaveExtension/MbAppLayer/MbAppLayer.h,M,2009-03-10,14:02:19,2,7447,C Header File,h,161,96,.2,1,Low,11,2,12,2,11,12,0,Secondary network,0,0,22,6,31,0,1,1,1,0,0,1,1,1,1,1,18771,c_source/ModbusSlaveExtension/MbAppLayer/MbAppLayer.h
chiara.moretti,/trunk/src/developments/c_source/ModbusSlaveExtension/MbAppLayer/MbRegisters.cpp,M,2009-03-10,14:02:19,2,90527,C Code File,cpp,1016,765,.13,22,High,4,4,6,4,6,8,0,Secondary network,0,0,22,6,31,0,1,1,1,0,0,1,1,1,1,1,18773,c_source/ModbusSlaveExtension/MbAppLayer/MbRegisters.cpp
chiara.moretti,/trunk/src/developments/c_source/ModbusSlaveExtension/MbSlave485/MbSlave485.cpp,M,2009-03-10,14:02:19,2,86153,C Code File,cpp,473,330,.25,11,Medium,2,7,2,7,7,7,0,Secondary network,0,0,22,6,31,0,1,1,1,0,0,1,1,1,1,1,18774,c_source/ModbusSlaveExtension/MbSlave485/MbSlave485.cpp
chiara.moretti,/trunk/src/developments/c_source/ModbusSlaveExtension/MbSlave485/comm_.cpp,M,2009-03-10,14:02:19,2,,C Code File,cpp,550,398,.1,9,Low,1,1,1,1,0,0,0,Unconnected,,,,271,1,0,,,,,,,,,1,1,18776,c_source/ModbusSlaveExtension/MbSlave485/comm_.cpp
chiara.moretti,/trunk/src/developments/c_source/ModbusSlaveExtension/PVProComm/RqstObj.cpp,M,2009-03-10,14:02:19,2,75784,C Code File,cpp,480,339,.15,10,Low,2,6,3,12,6,13,0,Secondary network,0,0,22,6,31,0,1,1,1,0,0,1,1,1,1,1,18778,c_source/ModbusSlaveExtension/PVProComm/RqstObj.cpp
chiara.moretti,/trunk/src/developments/c_source/ModbusSlaveExtension/PVProComm/stdafx.h,M,2009-03-10,14:02:19,2,,C Header File,h,19,0,0,0,Low,1,1,1,1,0,0,0,Unconnected,,,,276,1,0,,,,,,,,,1,1,18779,c_source/ModbusSlaveExtension/PVProComm/stdafx.h
chiara.moretti,/branches/pvpro_bf_1.4/src/developments/c_source/ModbusSlaveExtension/MBSlaveEx/DeviceObj.cpp,M,2009-03-10,14:03:53,2,34135,C Code File,cpp,193,162,.08,12,Medium,2,4,2,14,4,14,0,Secondary network,0,0,22,6,31,0,1,1,1,0,0,1,1,1,1,1,18780,c_source/ModbusSlaveExtension/MBSlaveEx/DeviceObj.cpp
chiara.moretti,/branches/pvpro_bf_1.4/src/developments/c_source/ModbusSlaveExtension/MBSlaveEx/MBSlaveEx.cpp,M,2009-03-10,14:03:53,2,41645,C Code File,cpp,999,736,.12,16,Medium,1,17,1,30,16,29,0,Secondary network,0,0,22,6,31,0,1,1,1,0,0,1,1,1,1,1,18781,c_source/ModbusSlaveExtension/MBSlaveEx/MBSlaveEx.cpp
chiara.moretti,/branches/pvpro_bf_1.4/src/developments/c_source/ModbusSlaveExtension/MbAppLayer/MbAppLayer.cpp,M,2009-03-10,14:03:53,2,61884,C Code File,cpp,400,322,.02,5,Low,4,5,5,5,7,8,0,Secondary network,0,0,22,6,31,0,1,1,1,0,0,1,1,1,1,1,18784,c_source/ModbusSlaveExtension/MbAppLayer/MbAppLayer.cpp
chiara.moretti,/branches/pvpro_bf_1.4/src/developments/c_source/ModbusSlaveExtension/MbAppLayer/MbAppLayer.h,M,2009-03-10,14:03:53,2,7447,C Header File,h,161,96,.2,1,Low,11,2,12,2,11,12,0,Secondary network,0,0,22,6,31,0,1,1,1,0,0,1,1,1,1,1,18785,c_source/ModbusSlaveExtension/MbAppLayer/MbAppLayer.h
chiara.moretti,/branches/pvpro_bf_1.4/src/developments/c_source/ModbusSlaveExtension/MbAppLayer/MbRegisters.cpp,M,2009-03-10,14:03:53,2,90527,C Code File,cpp,1016,765,.13,22,High,4,4,6,4,6,8,0,Secondary network,0,0,22,6,31,0,1,1,1,0,0,1,1,1,1,1,18787,c_source/ModbusSlaveExtension/MbAppLayer/MbRegisters.cpp
chiara.moretti,/branches/pvpro_bf_1.4/src/developments/c_source/ModbusSlaveExtension/MbSlave485/MbSlave485.cpp,M,2009-03-10,14:03:53,2,86153,C Code File,cpp,473,330,.25,11,Medium,2,7,2,7,7,7,0,Secondary network,0,0,22,6,31,0,1,1,1,0,0,1,1,1,1,1,18788,c_source/ModbusSlaveExtension/MbSlave485/MbSlave485.cpp
chiara.moretti,/branches/pvpro_bf_1.4/src/developments/c_source/ModbusSlaveExtension/MbSlave485/comm_.cpp,M,2009-03-10,14:03:53,2,,C Code File,cpp,550,398,.1,9,Low,1,1,1,1,0,0,0,Unconnected,,,,271,1,0,,,,,,,,,1,1,18790,c_source/ModbusSlaveExtension/MbSlave485/comm_.cpp
chiara.moretti,/branches/pvpro_bf_1.4/src/developments/c_source/ModbusSlaveExtension/PVProComm/RqstObj.cpp,M,2009-03-10,14:03:53,2,75784,C Code File,cpp,480,339,.15,10,Low,2,6,3,12,6,13,0,Secondary network,0,0,22,6,31,0,1,1,1,0,0,1,1,1,1,1,18792,c_source/ModbusSlaveExtension/PVProComm/RqstObj.cpp
chiara.moretti,/branches/pvpro_bf_1.4/src/developments/c_source/ModbusSlaveExtension/PVProComm/stdafx.h,M,2009-03-10,14:03:53,2,,C Header File,h,19,0,0,0,Low,1,1,1,1,0,0,0,Unconnected,,,,276,1,0,,,,,,,,,1,1,18793,c_source/ModbusSlaveExtension/PVProComm/stdafx.h
chiara.moretti,/branches/pvpro_bf_1.4/src/developments/c_source/pvproembedded_postgresxx/debug_build/sql/localeAdvancedSTD.sql,M,2009-03-11,09:53:02,2,9841,Pascal File,sql,8,5,.4,0,Low,1,2,1,2,1,1,0,Secondary network,0,0,40,14,6,0,1,1,1,0,0,1,1,1,1,1,18807,c_source/pvproembedded_postgresxx/debug_build/sql/localeAdvancedSTD.sql
chiara.moretti,/branches/pvpro_bf_1.4/src/developments/c_source/pvproembedded_postgresxx/debug_build/sql/localeAdvancedVAR.sql,M,2009-03-11,09:53:02,2,11660,Pascal File,sql,10,6,.33,0,Low,1,2,1,2,1,1,0,Secondary network,0,0,40,14,6,0,1,1,1,0,0,1,1,1,1,1,18808,c_source/pvproembedded_postgresxx/debug_build/sql/localeAdvancedVAR.sql
chiara.moretti,/branches/pvpro_bf_1.4/src/developments/c_source/pvproembedded_postgresxx/debug_build/sql/localeBasicSTD.sql,M,2009-03-11,09:53:02,2,65103,Pascal File,sql,8,5,.4,0,Low,6,1,6,1,5,5,0,Secondary network,0,0,40,14,6,0,1,1,1,0,0,1,1,1,1,1,18809,c_source/pvproembedded_postgresxx/debug_build/sql/localeBasicSTD.sql
chiara.moretti,/branches/pvpro_bf_1.4/src/developments/c_source/pvproembedded_postgresxx/debug_build/sql/localeBasicVAR.sql,M,2009-03-11,09:53:02,2,15746,Pascal File,sql,10,6,.33,0,Low,1,2,1,2,1,1,0,Secondary network,0,0,40,14,6,0,1,1,1,0,0,1,1,1,1,1,18810,c_source/pvproembedded_postgresxx/debug_build/sql/localeBasicVAR.sql
chiara.moretti,/branches/pvpro_bf_1.4/src/developments/c_source/pvproembedded_postgresxx/debug_build/sql/localeSmallSTD.sql,M,2009-03-11,09:53:02,2,37209,Pascal File,sql,8,5,.4,0,Low,1,2,1,2,1,1,0,Secondary network,0,0,40,14,6,0,1,1,1,0,0,1,1,1,1,1,18811,c_source/pvproembedded_postgresxx/debug_build/sql/localeSmallSTD.sql
chiara.moretti,/branches/pvpro_bf_1.4/src/developments/c_source/pvproembedded_postgresxx/debug_build/sql/localeSmallVAR.sql,M,2009-03-11,09:53:02,2,38964,Pascal File,sql,10,6,.33,0,Low,1,2,1,2,1,1,0,Secondary network,0,0,40,14,6,0,1,1,1,0,0,1,1,1,1,1,18812,c_source/pvproembedded_postgresxx/debug_build/sql/localeSmallVAR.sql
nicola.compagno,/branches/pvpro_bf_1.4/src/developments/PlantVisorPRO/src/com/carel/supervisor/dispatcher/action/EAction.java,M,2009-03-11,15:22:26,2,43824,Java File,java,262,207,.04,14,Medium,1,23,1,312,22,311,0,Control,4,0,9,1,2403,0,.82608694,1,.83333331,244,0,.21794872,1,.22044729,1,1,18821,PlantVisorPRO/src/com/carel/supervisor/dispatcher/action/EAction.java
nicola.compagno,/trunk/src/developments/PlantVisorPRO/src/com/carel/supervisor/dispatcher/action/EAction.java,M,2009-03-11,15:24:48,2,43824,Java File,java,262,207,.04,14,Medium,1,23,1,312,22,311,0,Control,4,0,9,1,2403,0,.82608694,1,.83333331,244,0,.21794872,1,.22044729,1,1,18822,PlantVisorPRO/src/com/carel/supervisor/dispatcher/action/EAction.java
kevin.ge,/trunk/src/developments/PlantVisorPRO/src/com/carel/supervisor/dataaccess/datalog/impl/ConditionBean.java,M,2009-03-12,08:04:11,2,86751,Java File,java,149,120,.07,5,Low,1,7,1,53,6,52,0,Peripheral,1,0,3,1,2403,0,.85714287,1,.875,38,0,.28301886,1,.2962963,1,1,18829,PlantVisorPRO/src/com/carel/supervisor/dataaccess/datalog/impl/ConditionBean.java
kevin.ge,/trunk/src/developments/PlantVisorPRO/src/com/carel/supervisor/presentation/bo/BDataTransfer.java,M,2009-03-12,08:04:11,2,81586,Java File,java,133,118,.01,12,Medium,2,10,2,285,10,285,0,Control,6,0,3,1,2403,0,.40000001,1,.5,233,0,.18245614,1,.18815331,1,1,18830,PlantVisorPRO/src/com/carel/supervisor/presentation/bo/BDataTransfer.java
kevin.ge,/trunk/src/developments/PlantVisorPRO/src/com/carel/supervisor/presentation/dbllistbox/DblListBox.java,M,2009-03-12,08:04:11,2,93341,Java File,java,335,259,.05,10,Low,2,2,14,2,2,14,0,Peripheral,0,0,9,1,2403,0,1,1,1,0,2,1,.85714287,.875,1,1,18831,PlantVisorPRO/src/com/carel/supervisor/presentation/dbllistbox/DblListBox.java
kevin.ge,/trunk/src/developments/PlantVisorPRO/src/com/carel/supervisor/presentation/rule/EmailListBox.java,M,2009-03-12,08:04:11,2,54217,Java File,java,94,74,.04,5,Low,1,11,1,99,10,98,0,Peripheral,4,0,9,1,2403,0,.63636363,1,.66666669,80,0,.19191919,1,.2,1,1,18832,PlantVisorPRO/src/com/carel/supervisor/presentation/rule/EmailListBox.java
kevin.ge,/trunk/src/developments/PlantVisorPRO/src/com/carel/supervisor/presentation/rule/FaxListBox.java,M,2009-03-12,08:04:11,2,98482,Java File,java,118,92,.03,5,Low,1,13,1,170,12,169,0,Control,4,0,9,1,2403,0,.69230771,1,.71428573,111,0,.34705883,1,.3508772,1,1,18833,PlantVisorPRO/src/com/carel/supervisor/presentation/rule/FaxListBox.java
kevin.ge,/trunk/src/developments/PlantVisorPRO/src/com/carel/supervisor/presentation/rule/RemoteListBox.java,M,2009-03-12,08:04:11,2,63335,Java File,java,116,92,.03,5,Low,2,12,2,169,12,169,0,Control,4,0,9,1,2403,0,.66666669,1,.71428573,111,0,.34319526,1,.3508772,1,1,18834,PlantVisorPRO/src/com/carel/supervisor/presentation/rule/RemoteListBox.java
kevin.ge,/trunk/src/developments/PlantVisorPRO/src/com/carel/supervisor/presentation/rule/SmsListBox.java,M,2009-03-12,08:04:11,2,19510,Java File,java,114,92,.03,5,Low,1,13,1,170,12,169,0,Control,4,0,9,1,2403,0,.69230771,1,.71428573,111,0,.34705883,1,.3508772,1,1,18835,PlantVisorPRO/src/com/carel/supervisor/presentation/rule/SmsListBox.java
nicola.compagno,/trunk/src/developments/PlantVisorPRO/src/com/carel/supervisor/base/io/Unzipper.java,M,2009-03-13,12:54:05,2,,Java File,java,87,69,0,4,Low,1,1,1,1,0,0,0,Unconnected,,,,52,1,0,,,,,,,,,1,1,18859,PlantVisorPRO/src/com/carel/supervisor/base/io/Unzipper.java
nicola.compagno,/trunk/src/developments/PlantVisorPRO/src/supervisor/ServUpload.java,M,2009-03-13,12:54:05,2,83084,Java File,java,685,501,.15,45,High,2,28,2,512,28,512,0,Control,16,0,6,1,2403,0,.42857143,1,.46666667,443,0,.13476563,1,.13813229,1,1,18861,PlantVisorPRO/src/supervisor/ServUpload.java
nicola.compagno,/trunk/src/developments/PlantVisorPRO/src/supervisor/ServUpload.java,M,2009-03-16,09:56:57,2,83084,Java File,java,685,501,.15,45,High,2,28,2,512,28,512,0,Control,16,0,6,1,2403,0,.42857143,1,.46666667,443,0,.13476563,1,.13813229,1,1,18868,PlantVisorPRO/src/supervisor/ServUpload.java
nicola.compagno,/trunk/src/developments/PlantVisorPRO/src/com/carel/supervisor/dispatcher/action/FAction.java,M,2009-03-16,10:01:49,2,74330,Java File,java,374,266,.12,9,Low,2,11,2,156,11,156,0,Control,3,0,9,1,2403,0,.72727275,1,.76923078,102,0,.34615386,1,.35443038,1,1,18869,PlantVisorPRO/src/com/carel/supervisor/dispatcher/action/FAction.java
simon.zhang,/trunk/src/developments/PlantVisorPRO/src/com/carel/supervisor/presentation/bo/BAlrEvnSearch.java,M,2009-03-17,01:50:04,2,93792,Java File,java,65,51,0,2,Low,1,6,1,285,5,284,0,Control,1,0,3,1,2403,0,.83333331,1,.85714287,233,0,.18245614,1,.18531469,1,1,18896,PlantVisorPRO/src/com/carel/supervisor/presentation/bo/BAlrEvnSearch.java
simon.zhang,/trunk/src/developments/PlantVisorPRO/src/com/carel/supervisor/presentation/refresh/IRefresh.java,M,2009-03-17,01:50:04,2,35926,Java File,java,35,27,0,1,Low,1,2,1,283,1,282,0,Control,0,0,6,1,2403,0,1,1,1,232,0,.18021202,1,.18309858,1,1,18898,PlantVisorPRO/src/com/carel/supervisor/presentation/refresh/IRefresh.java
simon.zhang,/trunk/src/developments/PlantVisorPRO/src/supervisor/Refresh.java,M,2009-03-17,01:50:04,2,40121,Java File,java,160,125,0,6,Low,1,10,1,428,9,427,0,Control,2,0,6,1,2403,0,.80000001,1,.81818181,368,0,.14018692,1,.14219114,1,1,18900,PlantVisorPRO/src/supervisor/Refresh.java
