author,Filename,action,Date,Time,ver,ID_File_und,Language,Extension,LOC,SLOC,CommmentRatio,MaxCyclomatic,CyclomaticType,FI,FO,VFI,VFO,FT,VFT,CyclicGroupSize,ArchType,crs_mdl_out,crs_mdl_in,partition,NetworkID,NetworkGroupSize,CyclicGroupID,modularity_out,modularity_in,modularity,crs_mdl_T_out,crs_mdl_T_in,modularity_T_out,modularity_T_in,modularity_T,hierarchy2,hierarchy1,ID_rev,filename
razvan.filimon,/trunk/src/developments/PlantVisorPRO/src/com/carel/supervisor/report/HistoryReport.java,M,2010-11-05,15:57:20,7,27397,Java File,java,393,341,.09,15,Medium,2,16,2,140,16,140,0,Peripheral,8,1,15,1,2610,0,.5,.5,.5,129,1,.078571431,.5,.084507041,1,1,74049,PlantVisorPRO/src/com/carel/supervisor/report/HistoryReport.java
nicola.compagno,/trunk/src/developments/PlantVisorPRO/src/com/carel/supervisor/plugin/parameters/ParametersMgr.java,M,2010-11-05,16:01:20,7,124,Java File,java,427,314,.14,11,Medium,14,24,21,302,36,321,6,Peripheral,17,4,7,1,2610,9,.29166666,.71428573,.44736841,238,6,.21192053,.71428573,.24458204,.77777779,.96884733,74050,PlantVisorPRO/src/com/carel/supervisor/plugin/parameters/ParametersMgr.java
nicola.compagno,/trunk/src/developments/PlantVisorPRO/src/com/carel/supervisor/plugin/parameters/ParametersThread.java,M,2010-11-05,16:01:20,7,136361,Java File,java,176,112,.31,16,Medium,2,13,21,302,13,321,6,Peripheral,9,0,7,1,2610,9,.30769232,1,.40000001,238,6,.21192053,.71428573,.24458204,.77777779,.96884733,74051,PlantVisorPRO/src/com/carel/supervisor/plugin/parameters/ParametersThread.java
nicola.compagno,/trunk/src/developments/PlantVisorPRO/src/com/carel/supervisor/plugin/parameters/dataaccess/ParametersNotificationList.java,M,2010-11-05,16:01:20,7,9641,Java File,java,246,185,.05,12,Medium,2,11,2,306,11,306,0,Peripheral,7,0,7,1,2610,0,.36363637,1,.46153846,238,0,.22222222,1,.22727273,1,1,74052,PlantVisorPRO/src/com/carel/supervisor/plugin/parameters/dataaccess/ParametersNotificationList.java
nicola.compagno,/trunk/src/developments/PlantVisorPRO/src/com/carel/supervisor/presentation/bo/BParameters.java,M,2010-11-05,16:01:20,7,140610,Java File,java,479,396,.05,27,High,1,26,1,312,25,311,0,Peripheral,11,0,7,1,2610,0,.57692307,1,.5925926,240,0,.23076923,1,.23322684,1,1,74053,PlantVisorPRO/src/com/carel/supervisor/presentation/bo/BParameters.java
razvan.filimon,/branches/pvpro1.x/src/developments/PlantVisorPRO/src/com/carel/supervisor/report/HistoryReport.java,M,2010-11-08,07:09:53,7,27397,Java File,java,393,341,.09,15,Medium,2,16,2,140,16,140,0,Peripheral,8,1,15,1,2610,0,.5,.5,.5,129,1,.078571431,.5,.084507041,1,1,74054,PlantVisorPRO/src/com/carel/supervisor/report/HistoryReport.java
nicola.compagno,/trunk/src/developments/PlantVisorPRO/src/com/carel/supervisor/plugin/parameters/dataaccess/ParametersNotificationList.java,M,2010-11-08,08:01:21,7,9641,Java File,java,246,185,.05,12,Medium,2,11,2,306,11,306,0,Peripheral,7,0,7,1,2610,0,.36363637,1,.46153846,238,0,.22222222,1,.22727273,1,1,74055,PlantVisorPRO/src/com/carel/supervisor/plugin/parameters/dataaccess/ParametersNotificationList.java
paride.ciatto,/trunk/src/developments/c_source/pvproshell/PVShell/PVShell.cpp,M,2010-11-08,16:18:44,7,118313,C Code File,cpp,360,218,.19,7,Low,1,2,1,2,1,1,0,Secondary network,0,0,27,2,369,0,1,1,1,0,0,1,1,1,1,1,74056,c_source/pvproshell/PVShell/PVShell.cpp
paride.ciatto,/trunk/src/developments/c_source/pvproshell/PVShell/PVShell.h,M,2010-11-08,16:18:44,7,69855,C Header File,h,43,9,1.89,0,Low,3,1,4,1,2,3,0,Secondary network,0,0,27,2,369,0,1,1,1,0,0,1,1,1,1,1,74057,c_source/pvproshell/PVShell/PVShell.h
paride.ciatto,/trunk/src/developments/c_source/pvproshell/PVShell/resource.h,M,2010-11-08,16:18:44,7,,C Header File,h,36,0,0,0,Low,1,1,1,1,0,0,0,Unconnected,,,,376,1,0,,,,,,,,,1,1,74069,c_source/pvproshell/PVShell/resource.h
paride.ciatto,/trunk/src/developments/c_source/pvproshell/PVShell2/PVShell2Dlg.cpp,M,2010-11-08,16:18:44,7,130171,C Code File,cpp,2257,1659,.11,30,High,2,10,2,10,10,10,0,Secondary network,0,0,27,2,369,0,1,1,1,0,0,1,1,1,1,1,74071,c_source/pvproshell/PVShell2/PVShell2Dlg.cpp
paride.ciatto,/trunk/src/developments/c_source/pvproshell/PVShell2/PVShell2Dlg.h,M,2010-11-08,16:18:44,7,74175,C Header File,h,174,122,.14,1,Low,3,2,3,2,3,3,0,Secondary network,0,0,27,2,369,0,1,1,1,0,0,1,1,1,1,1,74072,c_source/pvproshell/PVShell2/PVShell2Dlg.h
luca.biolo,/trunk/src/developments/PlantVisorPRO/src/com/carel/supervisor/ide/dc/DbModel/Model.java,M,2010-11-10,13:45:51,7,141825,Java File,java,1735,1417,.09,34,High,2,26,7,114,26,119,0,Peripheral,4,0,10,1,2610,0,.84615386,1,.85714287,70,5,.3859649,.2857143,.38016528,1,1,80955,PlantVisorPRO/src/com/carel/supervisor/ide/dc/DbModel/Model.java
luca.biolo,/trunk/src/developments/PlantVisorPRO/src/com/carel/supervisor/ide/dc/xmlDAO/PVVarsTag.java,M,2010-11-10,13:45:51,7,134260,Java File,java,192,140,.28,12,Medium,4,6,22,33,8,53,13,Peripheral,0,0,10,1,2610,7,1,1,1,0,5,1,.77272725,.90909094,.51851851,.5471698,80956,PlantVisorPRO/src/com/carel/supervisor/ide/dc/xmlDAO/PVVarsTag.java
nicola.compagno,/trunk/src/developments/PlantVisorPRO/src/com/carel/supervisor/ide/dc/DbModel/Instance.java,M,2010-11-12,15:52:17,7,142914,Java File,java,1057,791,.16,19,Medium,2,23,7,431,23,436,0,Peripheral,16,0,10,1,2610,0,.30434781,1,.36000001,390,5,.095127612,.2857143,.098173514,1,1,80959,PlantVisorPRO/src/com/carel/supervisor/ide/dc/DbModel/Instance.java
nicola.compagno,/branches/pvpro1.x/src/developments/PlantVisorPRO/src/com/carel/supervisor/ide/dc/DbModel/Instance.java,M,2010-11-15,08:14:01,7,142914,Java File,java,1057,791,.16,19,Medium,2,23,7,431,23,436,0,Peripheral,16,0,10,1,2610,0,.30434781,1,.36000001,390,5,.095127612,.2857143,.098173514,1,1,82026,PlantVisorPRO/src/com/carel/supervisor/ide/dc/DbModel/Instance.java
paride.ciatto,/trunk/src/developments/PlantVisorPRO/src/com/carel/supervisor/presentation/maps/MapData.java,M,2010-11-17,11:55:25,7,22583,Java File,java,390,309,.18,44,High,1,19,1,283,18,282,0,Peripheral,14,0,9,1,2610,0,.2631579,1,.30000001,188,0,.33568904,1,.33802816,1,1,82195,PlantVisorPRO/src/com/carel/supervisor/presentation/maps/MapData.java
mirko.travaglin,/trunk/src/developments/applications/utilities/src/com/carel/supervisor/utilities/DevicesManager.java,M,2010-11-18,14:19:36,7,63595,Java File,java,1202,728,.38,18,Medium,2,3,3,5,3,6,0,Secondary network,0,0,36,10,8,0,1,1,1,0,0,1,1,1,1,1,82766,applications/utilities/src/com/carel/supervisor/utilities/DevicesManager.java
alessandro.vianello,/branches/pvpro1.x/src/developments/PlantVisorPRO/src/com/carel/supervisor/presentation/bean/search/SearchEvent.java,M,2010-11-18,16:46:52,7,14714,Java File,java,606,475,.06,17,Medium,1,20,1,286,19,285,0,Peripheral,9,0,7,1,2610,0,.55000001,1,.5714286,227,0,.2062937,1,.20905924,1,1,82781,PlantVisorPRO/src/com/carel/supervisor/presentation/bean/search/SearchEvent.java
alessandro.vianello,/trunk/src/developments/PlantVisorPRO/src/com/carel/supervisor/presentation/bean/search/SearchAlarm.java,M,2010-11-19,15:30:14,7,10886,Java File,java,578,407,.22,41,High,2,16,4,287,16,289,0,Peripheral,6,0,7,1,2610,0,.625,1,.66666669,227,0,.20905924,1,.21993127,1,1,82806,PlantVisorPRO/src/com/carel/supervisor/presentation/bean/search/SearchAlarm.java
alessandro.vianello,/trunk/src/developments/PlantVisorPRO/src/com/carel/supervisor/presentation/bean/search/SearchAlarmEvent.java,M,2010-11-19,15:30:14,7,34611,Java File,java,445,336,.14,45,High,5,19,5,307,22,310,0,Peripheral,7,0,7,1,2610,0,.63157892,1,.70833331,238,0,.2247557,1,.23717949,1,1,82807,PlantVisorPRO/src/com/carel/supervisor/presentation/bean/search/SearchAlarmEvent.java
alessandro.vianello,/trunk/src/developments/PlantVisorPRO/src/com/carel/supervisor/presentation/bean/search/SearchEvent.java,M,2010-11-19,15:30:14,7,14714,Java File,java,606,475,.06,17,Medium,1,20,1,286,19,285,0,Peripheral,9,0,7,1,2610,0,.55000001,1,.5714286,227,0,.2062937,1,.20905924,1,1,82808,PlantVisorPRO/src/com/carel/supervisor/presentation/bean/search/SearchEvent.java
alessandro.vianello,/branches/pvpro1.x/src/developments/PlantVisorPRO/src/com/carel/supervisor/presentation/bean/search/SearchAlarmEvent.java,M,2010-11-19,16:10:11,7,34611,Java File,java,445,336,.14,45,High,5,19,5,307,22,310,0,Peripheral,7,0,7,1,2610,0,.63157892,1,.70833331,238,0,.2247557,1,.23717949,1,1,82809,PlantVisorPRO/src/com/carel/supervisor/presentation/bean/search/SearchAlarmEvent.java
nicola.compagno,/trunk/src/developments/PlantVisorPRO/src/com/carel/supervisor/dispatcher/sim/DispSimMgr.java,M,2010-11-22,08:25:53,7,59918,Java File,java,466,401,.01,11,Medium,2,28,5,455,28,458,0,Control,7,0,2,1,2610,0,.75,1,.76666665,366,3,.1956044,.40000001,.19782609,1,1,82816,PlantVisorPRO/src/com/carel/supervisor/dispatcher/sim/DispSimMgr.java
nicola.compagno,/trunk/src/developments/PlantVisorPRO/src/com/carel/supervisor/presentation/bean/rule/RuleBeanHelper.java,M,2010-11-22,08:25:53,7,39998,Java File,java,972,825,.09,23,High,1,31,1,368,30,367,0,Peripheral,10,0,7,1,2610,0,.67741936,1,.6875,286,0,.22282609,1,.22493225,1,1,82817,PlantVisorPRO/src/com/carel/supervisor/presentation/bean/rule/RuleBeanHelper.java
nicola.compagno,/trunk/src/developments/PlantVisorPRO/src/com/carel/supervisor/presentation/bo/BSetIo.java,M,2010-11-22,08:25:53,7,12773,Java File,java,723,584,.06,15,Medium,1,36,1,467,35,466,0,Control,12,0,7,1,2610,0,.66666669,1,.67567569,379,0,.18843684,1,.19017094,1,1,82818,PlantVisorPRO/src/com/carel/supervisor/presentation/bo/BSetIo.java
nicola.compagno,/trunk/src/developments/PlantVisorPRO/src/com/carel/supervisor/presentation/bo/BWizard.java,M,2010-11-22,08:25:53,7,106176,Java File,java,1242,1126,.06,35,High,1,55,1,654,54,653,0,Control,21,0,7,1,2610,0,.61818182,1,.625,537,0,.17889908,1,.18015267,1,1,82819,PlantVisorPRO/src/com/carel/supervisor/presentation/bo/BWizard.java
nicola.compagno,/trunk/src/developments/PlantVisorPRO/src/com/carel/supervisor/presentation/bo/BWizard.java,M,2010-11-22,10:50:36,7,106176,Java File,java,1242,1126,.06,35,High,1,55,1,654,54,653,0,Control,21,0,7,1,2610,0,.61818182,1,.625,537,0,.17889908,1,.18015267,1,1,87334,PlantVisorPRO/src/com/carel/supervisor/presentation/bo/BWizard.java
razvan.filimon,/trunk/src/developments/PlantVisorPRO/src/com/carel/supervisor/presentation/bo/helper/BackupHelper.java,M,2010-11-22,12:24:51,7,97385,Java File,java,917,704,.09,15,Medium,2,26,11,316,26,325,2,Peripheral,14,0,2,1,2610,14,.46153846,1,.5,270,9,.14556962,.18181819,.14678898,.92592591,.99384618,87335,PlantVisorPRO/src/com/carel/supervisor/presentation/bo/helper/BackupHelper.java
razvan.filimon,/trunk/src/developments/PlantVisorPRO/src/com/carel/supervisor/presentation/bo/helper/BackupHelper.java,M,2010-11-22,13:47:31,7,97385,Java File,java,917,704,.09,15,Medium,2,26,11,316,26,325,2,Peripheral,14,0,2,1,2610,14,.46153846,1,.5,270,9,.14556962,.18181819,.14678898,.92592591,.99384618,87337,PlantVisorPRO/src/com/carel/supervisor/presentation/bo/helper/BackupHelper.java
nicola.compagno,/trunk/src/developments/PlantVisorPRO/src/com/carel/supervisor/plugin/parameters/ParametersMgr.java,M,2010-11-22,16:46:59,7,124,Java File,java,427,314,.14,11,Medium,14,24,21,302,36,321,6,Peripheral,17,4,7,1,2610,9,.29166666,.71428573,.44736841,238,6,.21192053,.71428573,.24458204,.77777779,.96884733,87338,PlantVisorPRO/src/com/carel/supervisor/plugin/parameters/ParametersMgr.java
razvan.filimon,/trunk/src/developments/PlantVisorPRO/src/com/carel/supervisor/presentation/bo/BWizard.java,M,2010-11-23,09:55:57,7,106176,Java File,java,1242,1126,.06,35,High,1,55,1,654,54,653,0,Control,21,0,7,1,2610,0,.61818182,1,.625,537,0,.17889908,1,.18015267,1,1,87352,PlantVisorPRO/src/com/carel/supervisor/presentation/bo/BWizard.java
nicola.compagno,/trunk/src/developments/PlantVisorPRO/src/com/carel/supervisor/presentation/bo/helper/Propagate.java,M,2010-11-23,10:45:31,7,10054,Java File,java,1124,860,.15,12,Medium,1,23,1,393,22,392,0,Peripheral,8,0,11,1,2610,0,.65217394,1,.66666669,309,0,.21374045,1,.21573605,1,1,87355,PlantVisorPRO/src/com/carel/supervisor/presentation/bo/helper/Propagate.java
nicola.compagno,/branches/pvpro1.x/src/developments/PlantVisorPRO/src/com/carel/supervisor/presentation/bo/helper/Propagate.java,M,2010-11-23,11:17:20,7,10054,Java File,java,1124,860,.15,12,Medium,1,23,1,393,22,392,0,Peripheral,8,0,11,1,2610,0,.65217394,1,.66666669,309,0,.21374045,1,.21573605,1,1,87359,PlantVisorPRO/src/com/carel/supervisor/presentation/bo/helper/Propagate.java
razvan.filimon,/trunk/src/developments/PlantVisorPRO/src/com/carel/supervisor/presentation/bo/helper/GuardianHelper.java,M,2010-11-23,12:59:24,7,7357,Java File,java,211,163,.07,6,Low,1,16,1,285,15,284,0,Peripheral,5,0,7,1,2610,0,.6875,1,.70588237,226,0,.20701754,1,.20979021,1,1,87362,PlantVisorPRO/src/com/carel/supervisor/presentation/bo/helper/GuardianHelper.java
luca.biolo,/trunk/src/developments/PlantVisorPRO/src/com/carel/supervisor/presentation/devices/ButtonDtlDevice.java,M,2010-11-25,08:54:23,7,128153,Java File,java,353,287,.06,12,Medium,2,17,4,284,17,286,0,Peripheral,7,0,7,1,2610,0,.58823532,1,.63157892,226,0,.20422535,1,.21527778,1,1,87369,PlantVisorPRO/src/com/carel/supervisor/presentation/devices/ButtonDtlDevice.java
razvan.filimon,/trunk/src/developments/PlantVisorPRO/src/com/carel/supervisor/presentation/bean/DeviceListBean.java,M,2010-12-10,08:07:38,7,61223,Java File,java,984,815,.04,13,Medium,1,20,1,296,19,295,0,Peripheral,11,0,7,1,2610,0,.44999999,1,.47619048,233,0,.21283785,1,.21548821,1,1,87422,PlantVisorPRO/src/com/carel/supervisor/presentation/bean/DeviceListBean.java
razvan.filimon,/trunk/src/developments/PlantVisorPRO/src/com/carel/supervisor/presentation/bo/BEnergy.java,M,2010-12-10,08:09:32,7,85229,Java File,java,1135,984,.09,70,Untestable,1,23,1,461,22,460,0,Control,12,0,11,1,2610,0,.47826087,1,.5,394,0,.14533623,1,.14718615,1,1,87424,PlantVisorPRO/src/com/carel/supervisor/presentation/bo/BEnergy.java
razvan.filimon,/trunk/src/developments/PlantVisorPRO/src/supervisor/PVStarter.java,M,2010-12-10,08:17:49,7,20270,Java File,java,136,113,.04,13,Medium,1,12,1,466,11,465,0,Control,8,0,7,1,2610,0,.33333334,1,.38461539,386,0,.17167382,1,.17344753,1,1,87429,PlantVisorPRO/src/supervisor/PVStarter.java
razvan.filimon,/trunk/src/developments/PlantVisorPRO/src/com/carel/supervisor/field/dataconn/impl/DataConnCAREL.java,M,2010-12-10,08:19:01,7,11062,Java File,java,767,579,.08,7,Low,1,31,1,129,30,128,0,Peripheral,10,0,9,1,2610,0,.67741936,1,.6875,77,0,.40310079,1,.40769231,1,1,87431,PlantVisorPRO/src/com/carel/supervisor/field/dataconn/impl/DataConnCAREL.java
razvan.filimon,/trunk/src/developments/PlantVisorPRO/src/com/carel/supervisor/base/config/BaseConfig.java,M,2010-12-10,08:20:51,7,82174,Java File,java,234,198,.04,15,Medium,2,9,1192,39,9,1229,0,Shared,6,0,7,1,2610,0,.33333334,1,.45454547,33,846,.15384616,.29026845,.2859464,1,1,87433,PlantVisorPRO/src/com/carel/supervisor/base/config/BaseConfig.java
luca.biolo,/trunk/src/developments/PlantVisorPRO/src/com/carel/supervisor/presentation/bean/DeviceStructureList.java,M,2010-12-10,09:26:45,7,50922,Java File,java,203,155,.08,6,Low,1,6,1,84,5,83,0,Peripheral,3,0,7,1,2610,0,.5,1,.5714286,70,0,.16666667,1,.17647059,1,1,87437,PlantVisorPRO/src/com/carel/supervisor/presentation/bean/DeviceStructureList.java
luca.biolo,/trunk/src/developments/PlantVisorPRO/src/com/carel/supervisor/presentation/bo/BSiteView.java,M,2010-12-10,09:35:12,7,20035,Java File,java,906,759,.05,59,Untestable,1,41,1,398,40,397,0,Peripheral,25,0,7,1,2610,0,.39024389,1,.40476191,323,0,.18844222,1,.19047619,1,1,87438,PlantVisorPRO/src/com/carel/supervisor/presentation/bo/BSiteView.java
luca.biolo,/trunk/src/developments/PlantVisorPRO/src/com/carel/supervisor/presentation/menu/MenuLoader.java,M,2010-12-10,09:35:12,7,139005,Java File,java,115,98,.01,12,Medium,1,14,1,291,13,290,0,Peripheral,6,0,5,1,2610,0,.5714286,1,.60000002,253,0,.1305842,1,.13356164,1,1,87440,PlantVisorPRO/src/com/carel/supervisor/presentation/menu/MenuLoader.java
luca.biolo,/trunk/src/developments/PlantVisorPRO/src/com/carel/supervisor/presentation/menu/configuration/MenuConfigMgr.java,M,2010-12-10,09:35:12,7,66131,Java File,java,354,289,.01,11,Medium,1,15,1,287,14,286,0,Peripheral,5,0,5,1,2610,0,.66666669,1,.6875,253,0,.1184669,1,.12152778,1,1,87441,PlantVisorPRO/src/com/carel/supervisor/presentation/menu/configuration/MenuConfigMgr.java
luca.biolo,/trunk/src/developments/PlantVisorPRO/src/com/carel/supervisor/plugin/fs/FSClock.java,M,2010-12-10,10:04:17,7,55588,Java File,java,112,92,.1,10,Low,1,12,1,218,11,217,0,Peripheral,7,0,2,1,2610,0,.41666666,1,.46153846,183,0,.16055046,1,.16438356,1,1,87446,PlantVisorPRO/src/com/carel/supervisor/plugin/fs/FSClock.java
luca.biolo,/trunk/src/developments/PlantVisorPRO/src/com/carel/supervisor/plugin/fs/FSRack.java,M,2010-12-10,10:04:17,7,107410,Java File,java,253,201,.06,3,Low,1,7,1,218,6,217,0,Peripheral,2,0,11,1,2610,0,.71428573,1,.75,174,0,.20183486,1,.20547946,1,1,87447,PlantVisorPRO/src/com/carel/supervisor/plugin/fs/FSRack.java
luca.biolo,/trunk/src/developments/PlantVisorPRO/src/com/carel/supervisor/presentation/fs/FSRackAux.java,M,2010-12-10,10:04:17,7,55611,Java File,java,71,55,0,1,Low,1,2,1,56,1,55,0,Peripheral,0,0,7,1,2610,0,1,1,1,52,0,.071428575,1,.087719299,1,1,87448,PlantVisorPRO/src/com/carel/supervisor/presentation/fs/FSRackAux.java
luca.biolo,/trunk/src/developments/PlantVisorPRO/src/com/carel/supervisor/presentation/fs/FSRackBean.java,M,2010-12-10,10:04:17,7,127560,Java File,java,447,326,.12,20,Medium,2,13,6,224,13,228,0,Peripheral,6,0,11,1,2610,0,.53846157,1,.60000002,179,4,.20089285,.33333334,.20434782,1,1,87449,PlantVisorPRO/src/com/carel/supervisor/presentation/fs/FSRackBean.java
luca.biolo,/trunk/src/developments/PlantVisorPRO/src/com/carel/supervisor/presentation/fs/FSStatus.java,M,2010-12-10,10:04:17,7,24387,Java File,java,300,239,.06,9,Low,1,16,1,294,15,293,0,Peripheral,12,0,2,1,2610,0,.25,1,.29411766,249,0,.15306123,1,.1559322,1,1,87450,PlantVisorPRO/src/com/carel/supervisor/presentation/fs/FSStatus.java
luca.biolo,/trunk/src/developments/PlantVisorPRO/src/com/carel/supervisor/presentation/fs/FSUtilBean.java,M,2010-12-10,10:04:17,7,54084,Java File,java,208,174,.04,4,Low,1,9,1,64,8,63,0,Peripheral,3,0,11,1,2610,0,.66666669,1,.69999999,41,0,.359375,1,.36923078,1,1,87451,PlantVisorPRO/src/com/carel/supervisor/presentation/fs/FSUtilBean.java
nicola.compagno,/trunk/src/developments/PlantVisorPRO/src/com/carel/supervisor/report/PaddingReport.java,M,2010-12-10,10:16:51,7,78608,Java File,java,86,71,.23,6,Low,3,4,4,127,5,129,0,Peripheral,0,0,15,1,2610,0,1,1,1,123,1,.031496063,.75,.053435113,1,1,87453,PlantVisorPRO/src/com/carel/supervisor/report/PaddingReport.java
nicola.compagno,/trunk/src/developments/PlantVisorPRO/src/com/carel/supervisor/report/ReportRequest.java,M,2010-12-10,10:16:51,7,109537,Java File,java,360,248,.3,11,Medium,4,11,5,126,13,129,0,Peripheral,8,0,15,1,2610,0,.27272728,1,.46666667,123,1,.023809524,.80000001,.053435113,1,1,87454,PlantVisorPRO/src/com/carel/supervisor/report/ReportRequest.java
nicola.compagno,/trunk/src/developments/PlantVisorPRO/src/com/carel/supervisor/report/YReportCoordinates.java,M,2010-12-10,10:16:51,7,117727,Java File,java,67,51,.29,4,Low,3,1,6,1,2,5,0,Peripheral,0,0,15,1,2610,0,1,1,1,0,1,1,.83333331,.85714287,1,1,87455,PlantVisorPRO/src/com/carel/supervisor/report/YReportCoordinates.java
nicola.compagno,/trunk/src/developments/PlantVisorPRO/src/com/carel/supervisor/dispatcher/action/VAction.java,M,2010-12-10,10:46:16,7,65758,Java File,java,375,270,.19,13,Medium,2,19,2,454,19,454,0,Control,8,0,2,1,2610,0,.57894737,1,.61904764,367,0,.19162996,1,.19517544,1,1,87456,PlantVisorPRO/src/com/carel/supervisor/dispatcher/action/VAction.java
nicola.compagno,/branches/pvpro1.x/src/developments/PlantVisorPRO/src/com/carel/supervisor/dispatcher/action/VAction.java,M,2010-12-10,13:28:06,7,65758,Java File,java,375,270,.19,13,Medium,2,19,2,454,19,454,0,Control,8,0,2,1,2610,0,.57894737,1,.61904764,367,0,.19162996,1,.19517544,1,1,87458,PlantVisorPRO/src/com/carel/supervisor/dispatcher/action/VAction.java
nicola.compagno,/branches/pvpro1.x/src/developments/PlantVisorPRO/src/com/carel/supervisor/report/PaddingReport.java,M,2010-12-10,13:35:02,7,78608,Java File,java,86,71,.23,6,Low,3,4,4,127,5,129,0,Peripheral,0,0,15,1,2610,0,1,1,1,123,1,.031496063,.75,.053435113,1,1,87459,PlantVisorPRO/src/com/carel/supervisor/report/PaddingReport.java
nicola.compagno,/branches/pvpro1.x/src/developments/PlantVisorPRO/src/com/carel/supervisor/report/ReportRequest.java,M,2010-12-10,13:35:02,7,109537,Java File,java,360,248,.3,11,Medium,4,11,5,126,13,129,0,Peripheral,8,0,15,1,2610,0,.27272728,1,.46666667,123,1,.023809524,.80000001,.053435113,1,1,87460,PlantVisorPRO/src/com/carel/supervisor/report/ReportRequest.java
nicola.compagno,/branches/pvpro1.x/src/developments/PlantVisorPRO/src/com/carel/supervisor/report/YReportCoordinates.java,M,2010-12-10,13:35:02,7,117727,Java File,java,67,51,.29,4,Low,3,1,6,1,2,5,0,Peripheral,0,0,15,1,2610,0,1,1,1,0,1,1,.83333331,.85714287,1,1,87461,PlantVisorPRO/src/com/carel/supervisor/report/YReportCoordinates.java
luca.biolo,/branches/pvpro1.x/src/developments/PlantVisorPRO/src/com/carel/supervisor/plugin/fs/FSClock.java,M,2010-12-10,13:42:40,7,55588,Java File,java,112,92,.1,10,Low,1,12,1,218,11,217,0,Peripheral,7,0,2,1,2610,0,.41666666,1,.46153846,183,0,.16055046,1,.16438356,1,1,87467,PlantVisorPRO/src/com/carel/supervisor/plugin/fs/FSClock.java
luca.biolo,/branches/pvpro1.x/src/developments/PlantVisorPRO/src/com/carel/supervisor/plugin/fs/FSModuleHook.java,A,2010-12-10,13:42:40,7,4409,Java File,java,36,32,0,4,Low,1,3,1,219,2,218,0,Peripheral,1,0,2,1,2610,0,.66666669,1,.75,184,0,.15981735,1,.16363636,1,1,87468,PlantVisorPRO/src/com/carel/supervisor/plugin/fs/FSModuleHook.java
luca.biolo,/branches/pvpro1.x/src/developments/PlantVisorPRO/src/com/carel/supervisor/plugin/fs/FSRack.java,M,2010-12-10,13:42:40,7,107410,Java File,java,253,201,.06,3,Low,1,7,1,218,6,217,0,Peripheral,2,0,11,1,2610,0,.71428573,1,.75,174,0,.20183486,1,.20547946,1,1,87469,PlantVisorPRO/src/com/carel/supervisor/plugin/fs/FSRack.java
luca.biolo,/branches/pvpro1.x/src/developments/PlantVisorPRO/src/com/carel/supervisor/presentation/fs/FSRackAux.java,M,2010-12-10,13:42:40,7,55611,Java File,java,71,55,0,1,Low,1,2,1,56,1,55,0,Peripheral,0,0,7,1,2610,0,1,1,1,52,0,.071428575,1,.087719299,1,1,87470,PlantVisorPRO/src/com/carel/supervisor/presentation/fs/FSRackAux.java
luca.biolo,/branches/pvpro1.x/src/developments/PlantVisorPRO/src/com/carel/supervisor/presentation/fs/FSRackBean.java,M,2010-12-10,13:42:40,7,127560,Java File,java,447,326,.12,20,Medium,2,13,6,224,13,228,0,Peripheral,6,0,11,1,2610,0,.53846157,1,.60000002,179,4,.20089285,.33333334,.20434782,1,1,87471,PlantVisorPRO/src/com/carel/supervisor/presentation/fs/FSRackBean.java
luca.biolo,/branches/pvpro1.x/src/developments/PlantVisorPRO/src/com/carel/supervisor/presentation/fs/FSStatus.java,M,2010-12-10,13:42:40,7,24387,Java File,java,300,239,.06,9,Low,1,16,1,294,15,293,0,Peripheral,12,0,2,1,2610,0,.25,1,.29411766,249,0,.15306123,1,.1559322,1,1,87472,PlantVisorPRO/src/com/carel/supervisor/presentation/fs/FSStatus.java
luca.biolo,/branches/pvpro1.x/src/developments/PlantVisorPRO/src/com/carel/supervisor/presentation/fs/FSUtilBean.java,M,2010-12-10,13:42:40,7,54084,Java File,java,208,174,.04,4,Low,1,9,1,64,8,63,0,Peripheral,3,0,11,1,2610,0,.66666669,1,.69999999,41,0,.359375,1,.36923078,1,1,87473,PlantVisorPRO/src/com/carel/supervisor/presentation/fs/FSUtilBean.java
kevin.ge,/branches/pvpro1.x/src/developments/PlantVisorPRO/src/com/carel/supervisor/presentation/bean/LogicDeviceBeanList.java,M,2010-12-13,08:00:45,7,7066,Java File,java,496,368,.19,9,Low,1,15,1,393,14,392,0,Peripheral,4,0,11,1,2610,0,.73333335,1,.75,309,0,.21374045,1,.21573605,1,1,87557,PlantVisorPRO/src/com/carel/supervisor/presentation/bean/LogicDeviceBeanList.java
kevin.ge,/branches/pvpro1.x/src/developments/PlantVisorPRO/src/com/carel/supervisor/presentation/bo/BLogicDevice.java,M,2010-12-13,08:00:45,7,19528,Java File,java,243,192,.17,8,Low,1,14,1,360,13,359,0,Peripheral,6,0,7,1,2610,0,.5714286,1,.60000002,288,0,.2,1,.20221607,1,1,87558,PlantVisorPRO/src/com/carel/supervisor/presentation/bo/BLogicDevice.java
kevin.ge,/branches/pvpro1.x/src/developments/PlantVisorPRO/src/com/carel/supervisor/presentation/bo/helper/LineConfig.java,M,2010-12-13,08:00:45,7,140701,Java File,java,789,559,.22,30,High,2,31,35,390,31,423,6,Peripheral,9,0,11,1,2610,12,.7096774,1,.72727275,309,20,.20769231,.42857143,.22588235,.77777779,.97635937,87559,PlantVisorPRO/src/com/carel/supervisor/presentation/bo/helper/LineConfig.java
kevin.ge,/trunk/src/developments/PlantVisorPRO/src/com/carel/supervisor/presentation/bean/LogicDeviceBeanList.java,M,2010-12-13,08:01:01,7,7066,Java File,java,496,368,.19,9,Low,1,15,1,393,14,392,0,Peripheral,4,0,11,1,2610,0,.73333335,1,.75,309,0,.21374045,1,.21573605,1,1,87560,PlantVisorPRO/src/com/carel/supervisor/presentation/bean/LogicDeviceBeanList.java
kevin.ge,/trunk/src/developments/PlantVisorPRO/src/com/carel/supervisor/presentation/bo/BLogicDevice.java,M,2010-12-13,08:01:01,7,19528,Java File,java,243,192,.17,8,Low,1,14,1,360,13,359,0,Peripheral,6,0,7,1,2610,0,.5714286,1,.60000002,288,0,.2,1,.20221607,1,1,87561,PlantVisorPRO/src/com/carel/supervisor/presentation/bo/BLogicDevice.java
kevin.ge,/trunk/src/developments/PlantVisorPRO/src/com/carel/supervisor/presentation/bo/helper/LineConfig.java,M,2010-12-13,08:01:01,7,140701,Java File,java,789,559,.22,30,High,2,31,35,390,31,423,6,Peripheral,9,0,11,1,2610,12,.7096774,1,.72727275,309,20,.20769231,.42857143,.22588235,.77777779,.97635937,87562,PlantVisorPRO/src/com/carel/supervisor/presentation/bo/helper/LineConfig.java
luca.biolo,/branches/pvpro1.x/src/developments/PlantVisorPRO/src/com/carel/supervisor/dataaccess/dataconfig/VariableInfo.java,M,2010-12-13,14:00:01,7,57073,Java File,java,680,459,.3,9,Low,1,8,1,33,7,32,0,Peripheral,5,0,11,1,2610,0,.375,1,.44444445,26,0,.21212122,1,.23529412,1,1,87567,PlantVisorPRO/src/com/carel/supervisor/dataaccess/dataconfig/VariableInfo.java
kevin.ge,/branches/pvpro1.x/src/developments/PlantVisorPRO/src/com/carel/supervisor/presentation/bean/LogicDeviceBeanList.java,M,2010-12-14,03:31:17,7,7066,Java File,java,496,368,.19,9,Low,1,15,1,393,14,392,0,Peripheral,4,0,11,1,2610,0,.73333335,1,.75,309,0,.21374045,1,.21573605,1,1,87568,PlantVisorPRO/src/com/carel/supervisor/presentation/bean/LogicDeviceBeanList.java
kevin.ge,/branches/pvpro1.x/src/developments/PlantVisorPRO/src/com/carel/supervisor/presentation/bo/helper/LineConfig.java,M,2010-12-14,03:31:17,7,140701,Java File,java,789,559,.22,30,High,2,31,35,390,31,423,6,Peripheral,9,0,11,1,2610,12,.7096774,1,.72727275,309,20,.20769231,.42857143,.22588235,.77777779,.97635937,87569,PlantVisorPRO/src/com/carel/supervisor/presentation/bo/helper/LineConfig.java
kevin.ge,/trunk/src/developments/PlantVisorPRO/src/com/carel/supervisor/presentation/bean/LogicDeviceBeanList.java,M,2010-12-14,03:31:36,7,7066,Java File,java,496,368,.19,9,Low,1,15,1,393,14,392,0,Peripheral,4,0,11,1,2610,0,.73333335,1,.75,309,0,.21374045,1,.21573605,1,1,87570,PlantVisorPRO/src/com/carel/supervisor/presentation/bean/LogicDeviceBeanList.java
kevin.ge,/trunk/src/developments/PlantVisorPRO/src/com/carel/supervisor/presentation/bo/helper/LineConfig.java,M,2010-12-14,03:31:36,7,140701,Java File,java,789,559,.22,30,High,2,31,35,390,31,423,6,Peripheral,9,0,11,1,2610,12,.7096774,1,.72727275,309,20,.20769231,.42857143,.22588235,.77777779,.97635937,87571,PlantVisorPRO/src/com/carel/supervisor/presentation/bo/helper/LineConfig.java
kevin.ge,/branches/pvpro1.x/src/developments/PlantVisorPRO/src/com/carel/supervisor/controller/setfield/SetDequeuer.java,M,2010-12-14,07:17:52,7,107910,Java File,java,543,456,.15,25,High,1,32,1,471,31,470,0,Control,20,0,2,1,2610,0,.375,1,.39393941,386,0,.18046708,1,.1822034,1,1,87572,PlantVisorPRO/src/com/carel/supervisor/controller/setfield/SetDequeuer.java
kevin.ge,/trunk/src/developments/PlantVisorPRO/src/com/carel/supervisor/controller/setfield/SetDequeuer.java,M,2010-12-14,07:18:32,7,107910,Java File,java,543,456,.15,25,High,1,32,1,471,31,470,0,Control,20,0,2,1,2610,0,.375,1,.39393941,386,0,.18046708,1,.1822034,1,1,87573,PlantVisorPRO/src/com/carel/supervisor/controller/setfield/SetDequeuer.java
kevin.ge,/trunk/src/developments/PlantVisorPRO/src/supervisor/SRVLRefresh.java,M,2010-12-15,07:01:13,7,136591,Java File,java,459,354,.13,18,Medium,1,29,1,483,28,482,0,Control,6,0,7,1,2610,0,.79310346,1,.80000001,379,0,.21532091,1,.21694215,1,1,87616,PlantVisorPRO/src/supervisor/SRVLRefresh.java
razvan.filimon,/trunk/src/developments/PlantVisorPRO/src/com/carel/supervisor/presentation/bo/BSetAction.java,M,2010-12-15,15:55:01,7,94718,Java File,java,442,381,.12,54,Untestable,2,9,197,360,9,555,4,Shared,3,0,7,1,2610,13,.66666669,1,.72727275,285,118,.20833333,.40101522,.27648115,.85185188,.98918921,87619,PlantVisorPRO/src/com/carel/supervisor/presentation/bo/BSetAction.java
razvan.filimon,/trunk/src/developments/PlantVisorPRO/src/com/carel/supervisor/dispatcher/action/PAction.java,M,2010-12-15,15:55:41,7,119986,Java File,java,338,279,.05,9,Low,1,18,1,479,17,478,0,Control,10,0,2,1,2610,0,.44444445,1,.47368422,383,0,.20041753,1,.20208333,1,1,87620,PlantVisorPRO/src/com/carel/supervisor/dispatcher/action/PAction.java
kevin.ge,/trunk/src/developments/PlantVisorPRO/src/com/carel/supervisor/presentation/bo/BWizard.java,M,2010-12-17,04:15:47,7,106176,Java File,java,1242,1126,.06,35,High,1,55,1,654,54,653,0,Control,21,0,7,1,2610,0,.61818182,1,.625,537,0,.17889908,1,.18015267,1,1,87675,PlantVisorPRO/src/com/carel/supervisor/presentation/bo/BWizard.java
kevin.ge,/trunk/src/developments/PlantVisorPRO/src/com/carel/supervisor/presentation/bean/LogicDeviceBeanList.java,M,2010-12-17,04:54:19,7,7066,Java File,java,496,368,.19,9,Low,1,15,1,393,14,392,0,Peripheral,4,0,11,1,2610,0,.73333335,1,.75,309,0,.21374045,1,.21573605,1,1,87676,PlantVisorPRO/src/com/carel/supervisor/presentation/bean/LogicDeviceBeanList.java
razvan.filimon,/trunk/src/developments/PlantVisorPRO/src/com/carel/supervisor/presentation/fs/FSUtilBean.java,M,2010-12-17,16:08:35,7,54084,Java File,java,208,174,.04,4,Low,1,9,1,64,8,63,0,Peripheral,3,0,11,1,2610,0,.66666669,1,.69999999,41,0,.359375,1,.36923078,1,1,87685,PlantVisorPRO/src/com/carel/supervisor/presentation/fs/FSUtilBean.java
razvan.filimon,/trunk/src/developments/PlantVisorPRO/src/com/carel/supervisor/presentation/bo/BFSuction.java,M,2010-12-17,16:09:07,7,117676,Java File,java,88,75,0,6,Low,1,9,1,299,8,298,0,Peripheral,6,0,7,1,2610,0,.33333334,1,.40000001,241,0,.19397993,1,.19666667,1,1,87686,PlantVisorPRO/src/com/carel/supervisor/presentation/bo/BFSuction.java
razvan.filimon,/trunk/src/developments/PlantVisorPRO/src/com/carel/supervisor/presentation/fs/FSUtilBean.java,M,2010-12-20,12:00:49,7,54084,Java File,java,208,174,.04,4,Low,1,9,1,64,8,63,0,Peripheral,3,0,11,1,2610,0,.66666669,1,.69999999,41,0,.359375,1,.36923078,1,1,87690,PlantVisorPRO/src/com/carel/supervisor/presentation/fs/FSUtilBean.java
razvan.filimon,/trunk/src/developments/PlantVisorPRO/src/com/carel/supervisor/presentation/bo/BFSuction.java,M,2010-12-20,12:01:23,7,117676,Java File,java,88,75,0,6,Low,1,9,1,299,8,298,0,Peripheral,6,0,7,1,2610,0,.33333334,1,.40000001,241,0,.19397993,1,.19666667,1,1,87691,PlantVisorPRO/src/com/carel/supervisor/presentation/bo/BFSuction.java
luca.biolo,/trunk/src/developments/PlantVisorPRO/src/com/carel/supervisor/presentation/fs/FSRackAux.java,M,2010-12-20,13:58:14,7,55611,Java File,java,71,55,0,1,Low,1,2,1,56,1,55,0,Peripheral,0,0,7,1,2610,0,1,1,1,52,0,.071428575,1,.087719299,1,1,87697,PlantVisorPRO/src/com/carel/supervisor/presentation/fs/FSRackAux.java
luca.biolo,/trunk/src/developments/PlantVisorPRO/src/com/carel/supervisor/presentation/fs/FSRackBean.java,M,2010-12-20,13:58:14,7,127560,Java File,java,447,326,.12,20,Medium,2,13,6,224,13,228,0,Peripheral,6,0,11,1,2610,0,.53846157,1,.60000002,179,4,.20089285,.33333334,.20434782,1,1,87698,PlantVisorPRO/src/com/carel/supervisor/presentation/fs/FSRackBean.java
luca.biolo,/trunk/src/developments/PlantVisorPRO/src/com/carel/supervisor/presentation/fs/FSUtilBean.java,M,2010-12-20,13:58:14,7,54084,Java File,java,208,174,.04,4,Low,1,9,1,64,8,63,0,Peripheral,3,0,11,1,2610,0,.66666669,1,.69999999,41,0,.359375,1,.36923078,1,1,87699,PlantVisorPRO/src/com/carel/supervisor/presentation/fs/FSUtilBean.java
razvan.filimon,/trunk/src/developments/PlantVisorPRO/src/com/carel/supervisor/presentation/rule/EmailListBox.java,M,2010-12-20,14:26:17,7,129259,Java File,java,196,170,.05,6,Low,1,12,1,456,11,455,0,Control,2,0,7,1,2610,0,.83333331,1,.84615386,372,0,.18421052,1,.18599562,1,1,87700,PlantVisorPRO/src/com/carel/supervisor/presentation/rule/EmailListBox.java
luca.biolo,/trunk/src/developments/PlantVisorPRO/src/com/carel/supervisor/presentation/fs/FSRackBean.java,M,2010-12-20,14:39:03,7,127560,Java File,java,447,326,.12,20,Medium,2,13,6,224,13,228,0,Peripheral,6,0,11,1,2610,0,.53846157,1,.60000002,179,4,.20089285,.33333334,.20434782,1,1,87703,PlantVisorPRO/src/com/carel/supervisor/presentation/fs/FSRackBean.java
luca.biolo,/trunk/src/developments/PlantVisorPRO/src/com/carel/supervisor/presentation/fs/FSStatus.java,M,2010-12-20,14:39:03,7,24387,Java File,java,300,239,.06,9,Low,1,16,1,294,15,293,0,Peripheral,12,0,2,1,2610,0,.25,1,.29411766,249,0,.15306123,1,.1559322,1,1,87704,PlantVisorPRO/src/com/carel/supervisor/presentation/fs/FSStatus.java
luca.biolo,/trunk/src/developments/PlantVisorPRO/src/com/carel/supervisor/presentation/bean/search/SearchEvent.java,M,2010-12-21,13:46:41,7,14714,Java File,java,606,475,.06,17,Medium,1,20,1,286,19,285,0,Peripheral,9,0,7,1,2610,0,.55000001,1,.5714286,227,0,.2062937,1,.20905924,1,1,87706,PlantVisorPRO/src/com/carel/supervisor/presentation/bean/search/SearchEvent.java
luca.biolo,/trunk/src/developments/PlantVisorPRO/src/com/carel/supervisor/presentation/fs/FSStatus.java,M,2010-12-21,13:46:41,7,24387,Java File,java,300,239,.06,9,Low,1,16,1,294,15,293,0,Peripheral,12,0,2,1,2610,0,.25,1,.29411766,249,0,.15306123,1,.1559322,1,1,87707,PlantVisorPRO/src/com/carel/supervisor/presentation/fs/FSStatus.java
luca.biolo,/trunk/src/developments/PlantVisorPRO/src/com/carel/supervisor/presentation/maps/MapData.java,M,2010-12-22,09:43:48,7,22583,Java File,java,390,309,.18,44,High,1,19,1,283,18,282,0,Peripheral,14,0,9,1,2610,0,.2631579,1,.30000001,188,0,.33568904,1,.33802816,1,1,87715,PlantVisorPRO/src/com/carel/supervisor/presentation/maps/MapData.java
luca.biolo,/branches/pvpro1.x/src/developments/PlantVisorPRO/src/com/carel/supervisor/presentation/maps/MapData.java,M,2010-12-22,10:18:39,7,22583,Java File,java,390,309,.18,44,High,1,19,1,283,18,282,0,Peripheral,14,0,9,1,2610,0,.2631579,1,.30000001,188,0,.33568904,1,.33802816,1,1,87716,PlantVisorPRO/src/com/carel/supervisor/presentation/maps/MapData.java
kevin.ge,/trunk/src/developments/PlantVisorPRO/src/com/carel/supervisor/presentation/bo/BWizard.java,M,2010-12-23,02:48:44,7,106176,Java File,java,1242,1126,.06,35,High,1,55,1,654,54,653,0,Control,21,0,7,1,2610,0,.61818182,1,.625,537,0,.17889908,1,.18015267,1,1,87723,PlantVisorPRO/src/com/carel/supervisor/presentation/bo/BWizard.java
kevin.ge,/trunk/src/developments/PlantVisorPRO/src/com/carel/supervisor/presentation/bo/BWizard.java,M,2010-12-23,05:10:19,7,106176,Java File,java,1242,1126,.06,35,High,1,55,1,654,54,653,0,Control,21,0,7,1,2610,0,.61818182,1,.625,537,0,.17889908,1,.18015267,1,1,87730,PlantVisorPRO/src/com/carel/supervisor/presentation/bo/BWizard.java
kevin.ge,/trunk/src/developments/PlantVisorPRO/src/com/carel/supervisor/presentation/bo/BWizard.java,M,2010-12-23,06:07:02,7,106176,Java File,java,1242,1126,.06,35,High,1,55,1,654,54,653,0,Control,21,0,7,1,2610,0,.61818182,1,.625,537,0,.17889908,1,.18015267,1,1,87733,PlantVisorPRO/src/com/carel/supervisor/presentation/bo/BWizard.java
luca.biolo,/trunk/src/developments/PlantVisorPRO/src/com/carel/supervisor/presentation/fs/FSStatus.java,M,2010-12-23,08:46:44,7,24387,Java File,java,300,239,.06,9,Low,1,16,1,294,15,293,0,Peripheral,12,0,2,1,2610,0,.25,1,.29411766,249,0,.15306123,1,.1559322,1,1,87735,PlantVisorPRO/src/com/carel/supervisor/presentation/fs/FSStatus.java
longbow.liu,/trunk/src/developments/PlantVisorPRO/src/com/carel/supervisor/presentation/bo/BAlrGlb.java,M,2010-12-24,05:08:35,7,9988,Java File,java,270,216,.06,31,High,1,14,1,289,13,288,0,Peripheral,5,0,7,1,2610,0,.64285713,1,.66666669,226,0,.21799308,1,.22068965,1,1,87751,PlantVisorPRO/src/com/carel/supervisor/presentation/bo/BAlrGlb.java
longbow.liu,/trunk/src/developments/PlantVisorPRO/src/com/carel/supervisor/presentation/bo/BDtlView.java,M,2010-12-24,05:08:35,7,63040,Java File,java,1312,968,.17,37,High,1,43,1,405,42,404,0,Peripheral,34,0,11,1,2610,0,.20930232,1,.22727273,320,0,.20987654,1,.21182266,1,1,87752,PlantVisorPRO/src/com/carel/supervisor/presentation/bo/BDtlView.java
longbow.liu,/trunk/src/developments/PlantVisorPRO/src/com/carel/supervisor/presentation/bo/BEvnDtl.java,M,2010-12-24,05:08:35,7,51158,Java File,java,70,53,.02,2,Low,1,6,1,287,5,286,0,Peripheral,1,0,7,1,2610,0,.83333331,1,.85714287,228,0,.20557491,1,.20833333,1,1,87753,PlantVisorPRO/src/com/carel/supervisor/presentation/bo/BEvnDtl.java
longbow.liu,/trunk/src/developments/PlantVisorPRO/src/com/carel/supervisor/presentation/bo/BEvnView.java,M,2010-12-24,05:08:35,7,22358,Java File,java,52,40,0,1,Low,1,5,1,285,4,284,0,Peripheral,0,0,7,1,2610,0,1,1,1,226,0,.20701754,1,.20979021,1,1,87754,PlantVisorPRO/src/com/carel/supervisor/presentation/bo/BEvnView.java
longbow.liu,/trunk/src/developments/PlantVisorPRO/src/com/carel/supervisor/presentation/bo/BGrpView.java,M,2010-12-24,05:08:35,7,68544,Java File,java,237,183,.11,9,Low,1,18,1,301,17,300,0,Peripheral,9,0,7,1,2610,0,.5,1,.52631581,239,0,.20598006,1,.20860927,1,1,87755,PlantVisorPRO/src/com/carel/supervisor/presentation/bo/BGrpView.java
longbow.liu,/trunk/src/developments/PlantVisorPRO/src/com/carel/supervisor/presentation/bo/BParameters.java,M,2010-12-24,05:08:35,7,140610,Java File,java,479,396,.05,27,High,1,26,1,312,25,311,0,Peripheral,11,0,7,1,2610,0,.57692307,1,.5925926,240,0,.23076923,1,.23322684,1,1,87756,PlantVisorPRO/src/com/carel/supervisor/presentation/bo/BParameters.java
longbow.liu,/trunk/src/developments/PlantVisorPRO/src/com/carel/supervisor/presentation/widgets/table/htmlcreate/element/HTMLTable.java,M,2010-12-24,05:08:35,7,134876,Java File,java,859,668,.05,16,Medium,2,6,511,30,6,539,0,Shared,3,0,7,1,2610,0,.5,1,.625,26,246,.13333334,.51859099,.49722737,1,1,87757,PlantVisorPRO/src/com/carel/supervisor/presentation/widgets/table/htmlcreate/element/HTMLTable.java
kevin.ge,/trunk/src/developments/PlantVisorPRO/src/com/carel/supervisor/presentation/bo/BWizard.java,M,2010-12-24,05:26:48,7,106176,Java File,java,1242,1126,.06,35,High,1,55,1,654,54,653,0,Control,21,0,7,1,2610,0,.61818182,1,.625,537,0,.17889908,1,.18015267,1,1,87760,PlantVisorPRO/src/com/carel/supervisor/presentation/bo/BWizard.java
kevin.ge,/trunk/src/developments/PlantVisorPRO/src/com/carel/supervisor/dispatcher/DispatcherMgr.java,M,2010-12-27,06:00:22,7,40330,Java File,java,539,404,.13,8,Low,1,18,1,449,17,448,0,Control,7,0,2,1,2610,0,.6111111,1,.63157892,366,0,.18485524,1,.18666667,1,1,87779,PlantVisorPRO/src/com/carel/supervisor/dispatcher/DispatcherMgr.java
kevin.ge,/trunk/src/developments/PlantVisorPRO/src/com/carel/supervisor/dispatcher/memory/DispMemMgr.java,M,2010-12-27,06:00:22,7,33901,Java File,java,253,181,.21,7,Low,1,12,1,449,11,448,0,Control,2,0,2,1,2610,0,.83333331,1,.84615386,366,0,.18485524,1,.18666667,1,1,87780,PlantVisorPRO/src/com/carel/supervisor/dispatcher/memory/DispMemMgr.java
kevin.ge,/trunk/src/developments/PlantVisorPRO/src/com/carel/supervisor/presentation/bo/BSetIo.java,M,2010-12-27,06:00:22,7,12773,Java File,java,723,584,.06,15,Medium,1,36,1,467,35,466,0,Control,12,0,7,1,2610,0,.66666669,1,.67567569,379,0,.18843684,1,.19017094,1,1,87781,PlantVisorPRO/src/com/carel/supervisor/presentation/bo/BSetIo.java
kevin.ge,/trunk/src/developments/PlantVisorPRO/src/com/carel/supervisor/presentation/io/CioFAX.java,M,2010-12-27,06:00:22,7,40819,Java File,java,186,164,.01,5,Low,1,10,1,449,9,448,0,Control,3,0,11,1,2610,0,.69999999,1,.72727275,394,0,.12249443,1,.12444445,1,1,87782,PlantVisorPRO/src/com/carel/supervisor/presentation/io/CioFAX.java
kevin.ge,/trunk/src/developments/PlantVisorPRO/src/com/carel/supervisor/presentation/bo/BSetIo.java,M,2010-12-28,01:19:37,7,12773,Java File,java,723,584,.06,15,Medium,1,36,1,467,35,466,0,Control,12,0,7,1,2610,0,.66666669,1,.67567569,379,0,.18843684,1,.19017094,1,1,87783,PlantVisorPRO/src/com/carel/supervisor/presentation/bo/BSetIo.java
longbow.liu,/trunk/src/developments/PlantVisorPRO/src/com/carel/supervisor/dataaccess/datalog/impl/LanguageUsedMgr.java,M,2010-12-28,03:29:52,7,134369,Java File,java,58,47,0,3,Low,1,5,1,52,4,51,0,Peripheral,0,0,11,1,2610,0,1,1,1,34,0,.34615386,1,.35849056,1,1,87785,PlantVisorPRO/src/com/carel/supervisor/dataaccess/datalog/impl/LanguageUsedMgr.java
longbow.liu,/trunk/src/developments/PlantVisorPRO/src/com/carel/supervisor/presentation/bo/BSystem.java,M,2010-12-28,03:29:52,7,141469,Java File,java,1505,776,.63,69,Untestable,2,47,5,572,47,575,0,Control,19,0,7,1,2610,0,.59574467,1,.6122449,481,0,.15909091,1,.16637781,1,1,87786,PlantVisorPRO/src/com/carel/supervisor/presentation/bo/BSystem.java
longbow.liu,/trunk/src/developments/PlantVisorPRO/src/com/carel/supervisor/presentation/widgets/table/htmlcreate/element/HTMLTable.java,M,2010-12-29,01:26:34,7,134876,Java File,java,859,668,.05,16,Medium,2,6,511,30,6,539,0,Shared,3,0,7,1,2610,0,.5,1,.625,26,246,.13333334,.51859099,.49722737,1,1,87819,PlantVisorPRO/src/com/carel/supervisor/presentation/widgets/table/htmlcreate/element/HTMLTable.java
kevin.ge,/branches/pvpro1.x/src/developments/PlantVisorPRO/src/com/carel/supervisor/presentation/bo/helper/GuardianHelper.java,M,2011-01-05,01:59:52,7,7357,Java File,java,211,163,.07,6,Low,1,16,1,285,15,284,0,Peripheral,5,0,7,1,2610,0,.6875,1,.70588237,226,0,.20701754,1,.20979021,1,1,87833,PlantVisorPRO/src/com/carel/supervisor/presentation/bo/helper/GuardianHelper.java
longbow.liu,/trunk/src/developments/PlantVisorPRO/src/com/carel/supervisor/director/guardian/CheckersMgr.java,M,2011-01-05,02:38:42,7,131386,Java File,java,130,113,0,4,Low,1,9,1,284,8,283,0,Peripheral,5,0,7,1,2610,0,.44444445,1,.5,245,0,.13732395,1,.14035088,1,1,87834,PlantVisorPRO/src/com/carel/supervisor/director/guardian/CheckersMgr.java
kevin.ge,/trunk/src/developments/PlantVisorPRO/src/com/carel/supervisor/presentation/bo/helper/GuardianHelper.java,M,2011-01-05,03:09:27,7,7357,Java File,java,211,163,.07,6,Low,1,16,1,285,15,284,0,Peripheral,5,0,7,1,2610,0,.6875,1,.70588237,226,0,.20701754,1,.20979021,1,1,87835,PlantVisorPRO/src/com/carel/supervisor/presentation/bo/helper/GuardianHelper.java
kevin.ge,/trunk/src/developments/PlantVisorPRO/src/com/carel/supervisor/dispatcher/DispatcherMgr.java,M,2011-01-05,10:21:45,7,40330,Java File,java,539,404,.13,8,Low,1,18,1,449,17,448,0,Control,7,0,2,1,2610,0,.6111111,1,.63157892,366,0,.18485524,1,.18666667,1,1,87839,PlantVisorPRO/src/com/carel/supervisor/dispatcher/DispatcherMgr.java
kevin.ge,/trunk/src/developments/PlantVisorPRO/src/com/carel/supervisor/dispatcher/memory/DispMemMgr.java,M,2011-01-05,10:43:00,7,33901,Java File,java,253,181,.21,7,Low,1,12,1,449,11,448,0,Control,2,0,2,1,2610,0,.83333331,1,.84615386,366,0,.18485524,1,.18666667,1,1,87840,PlantVisorPRO/src/com/carel/supervisor/dispatcher/memory/DispMemMgr.java
kevin.ge,/trunk/src/developments/PlantVisorPRO/src/com/carel/supervisor/presentation/bo/BSetIo.java,M,2011-01-05,10:43:00,7,12773,Java File,java,723,584,.06,15,Medium,1,36,1,467,35,466,0,Control,12,0,7,1,2610,0,.66666669,1,.67567569,379,0,.18843684,1,.19017094,1,1,87841,PlantVisorPRO/src/com/carel/supervisor/presentation/bo/BSetIo.java
kevin.ge,/trunk/src/developments/PlantVisorPRO/src/com/carel/supervisor/presentation/io/CioFAX.java,M,2011-01-05,10:43:00,7,40819,Java File,java,186,164,.01,5,Low,1,10,1,449,9,448,0,Control,3,0,11,1,2610,0,.69999999,1,.72727275,394,0,.12249443,1,.12444445,1,1,87842,PlantVisorPRO/src/com/carel/supervisor/presentation/io/CioFAX.java
kevin.ge,/trunk/src/developments/PlantVisorPRO/src/com/carel/supervisor/dispatcher/DispatcherMgr.java,M,2011-01-06,02:08:07,7,40330,Java File,java,539,404,.13,8,Low,1,18,1,449,17,448,0,Control,7,0,2,1,2610,0,.6111111,1,.63157892,366,0,.18485524,1,.18666667,1,1,87847,PlantVisorPRO/src/com/carel/supervisor/dispatcher/DispatcherMgr.java
kevin.ge,/trunk/src/developments/PlantVisorPRO/src/com/carel/supervisor/dispatcher/memory/DispMemMgr.java,M,2011-01-06,02:08:07,7,33901,Java File,java,253,181,.21,7,Low,1,12,1,449,11,448,0,Control,2,0,2,1,2610,0,.83333331,1,.84615386,366,0,.18485524,1,.18666667,1,1,87848,PlantVisorPRO/src/com/carel/supervisor/dispatcher/memory/DispMemMgr.java
kevin.ge,/trunk/src/developments/PlantVisorPRO/src/com/carel/supervisor/presentation/bo/BSetIo.java,M,2011-01-06,02:08:07,7,12773,Java File,java,723,584,.06,15,Medium,1,36,1,467,35,466,0,Control,12,0,7,1,2610,0,.66666669,1,.67567569,379,0,.18843684,1,.19017094,1,1,87849,PlantVisorPRO/src/com/carel/supervisor/presentation/bo/BSetIo.java
kevin.ge,/trunk/src/developments/PlantVisorPRO/src/com/carel/supervisor/presentation/io/CioFAX.java,M,2011-01-06,02:08:07,7,40819,Java File,java,186,164,.01,5,Low,1,10,1,449,9,448,0,Control,3,0,11,1,2610,0,.69999999,1,.72727275,394,0,.12249443,1,.12444445,1,1,87850,PlantVisorPRO/src/com/carel/supervisor/presentation/io/CioFAX.java
nicola.compagno,/trunk/src/developments/PlantVisorPRO/src/com/carel/supervisor/presentation/io/CioFAX.java,M,2011-01-10,09:27:43,7,40819,Java File,java,186,164,.01,5,Low,1,10,1,449,9,448,0,Control,3,0,11,1,2610,0,.69999999,1,.72727275,394,0,.12249443,1,.12444445,1,1,87854,PlantVisorPRO/src/com/carel/supervisor/presentation/io/CioFAX.java
razvan.filimon,/trunk/src/developments/c_source/commconnector/commsms/untTSMS.cpp,M,2011-01-10,13:07:17,7,22992,C Code File,cpp,616,452,.26,55,Untestable,2,10,15,48,10,61,0,Secondary network,0,0,28,2,369,0,1,1,1,1,2,.97916669,.86666667,.95238096,1,1,87855,c_source/commconnector/commsms/untTSMS.cpp
razvan.filimon,/trunk/src/developments/c_source/commconnector/commsms/untTSMS.h,M,2011-01-10,13:07:17,7,22993,C Header File,h,97,41,.85,0,Low,3,2,17,6,3,21,0,Secondary network,0,0,28,2,369,0,1,1,1,0,2,1,.88235295,.9130435,1,1,87856,c_source/commconnector/commsms/untTSMS.h
razvan.filimon,/trunk/src/developments/PlantVisorPRO/src/com/carel/supervisor/presentation/bo/BSetIo.java,M,2011-01-11,10:10:33,7,12773,Java File,java,723,584,.06,15,Medium,1,36,1,467,35,466,0,Control,12,0,7,1,2610,0,.66666669,1,.67567569,379,0,.18843684,1,.19017094,1,1,87865,PlantVisorPRO/src/com/carel/supervisor/presentation/bo/BSetIo.java
kevin.ge,/trunk/src/developments/PlantVisorPRO/src/com/carel/supervisor/dataaccess/datalog/impl/VarphyBeanList.java,M,2011-01-12,08:46:53,7,84370,Java File,java,1064,891,.03,6,Low,1,13,1,303,12,302,0,Peripheral,9,0,7,1,2610,0,.30769232,1,.35714287,238,0,.21452145,1,.21710527,1,1,87984,PlantVisorPRO/src/com/carel/supervisor/dataaccess/datalog/impl/VarphyBeanList.java
nicola.compagno,/trunk/src/developments/PlantVisorPRO/src/com/carel/supervisor/presentation/bo/BWizard.java,M,2011-01-12,10:31:39,7,106176,Java File,java,1242,1126,.06,35,High,1,55,1,654,54,653,0,Control,21,0,7,1,2610,0,.61818182,1,.625,537,0,.17889908,1,.18015267,1,1,87991,PlantVisorPRO/src/com/carel/supervisor/presentation/bo/BWizard.java
razvan.filimon,/trunk/src/developments/PlantVisorPRO/src/com/carel/supervisor/dispatcher/main/DispatcherDQ.java,M,2011-01-12,13:35:37,7,126770,Java File,java,1027,858,.05,52,Untestable,2,55,183,448,55,629,27,Core,24,0,2,1,2610,5,.56363636,1,.57894737,366,97,.18303572,.46994534,.26624405,0,.91732907,87993,PlantVisorPRO/src/com/carel/supervisor/dispatcher/main/DispatcherDQ.java
razvan.filimon,/trunk/src/developments/c_source/commconnector/commsms/untTSMS.cpp,M,2011-01-12,13:46:37,7,22992,C Code File,cpp,616,452,.26,55,Untestable,2,10,15,48,10,61,0,Secondary network,0,0,28,2,369,0,1,1,1,1,2,.97916669,.86666667,.95238096,1,1,87996,c_source/commconnector/commsms/untTSMS.cpp
kevin.ge,/trunk/src/developments/PlantVisorPRO/src/com/carel/supervisor/dataaccess/datalog/impl/ReportBeanList.java,M,2011-01-13,02:49:00,7,37620,Java File,java,670,544,.08,9,Low,1,19,1,302,18,301,0,Peripheral,12,0,11,1,2610,0,.36842105,1,.40000001,253,0,.16225165,1,.1650165,1,1,88000,PlantVisorPRO/src/com/carel/supervisor/dataaccess/datalog/impl/ReportBeanList.java
kevin.ge,/trunk/src/developments/PlantVisorPRO/src/com/carel/supervisor/presentation/bean/ReportBeanListPres.java,M,2011-01-13,02:49:00,7,52221,Java File,java,393,289,.11,9,Low,1,12,1,72,11,71,0,Peripheral,2,0,7,1,2610,0,.83333331,1,.84615386,56,0,.22222222,1,.23287672,1,1,88001,PlantVisorPRO/src/com/carel/supervisor/presentation/bean/ReportBeanListPres.java
kevin.ge,/trunk/src/developments/PlantVisorPRO/src/com/carel/supervisor/presentation/bo/BBooklet.java,M,2011-01-13,02:49:00,7,48228,Java File,java,400,371,.02,14,Medium,1,24,1,472,23,471,0,Control,15,0,11,1,2610,0,.375,1,.40000001,409,0,.13347457,1,.13530655,1,1,88002,PlantVisorPRO/src/com/carel/supervisor/presentation/bo/BBooklet.java
kevin.ge,/trunk/src/developments/PlantVisorPRO/src/com/carel/supervisor/presentation/bo/BHsprint.java,M,2011-01-13,02:49:00,7,90798,Java File,java,102,85,0,4,Low,1,8,1,454,7,453,0,Control,2,0,7,1,2610,0,.75,1,.77777779,369,0,.18722467,1,.18901099,1,1,88003,PlantVisorPRO/src/com/carel/supervisor/presentation/bo/BHsprint.java
kevin.ge,/trunk/src/developments/PlantVisorPRO/src/com/carel/supervisor/presentation/bo/BHsreport.java,M,2011-01-13,02:49:00,7,68387,Java File,java,145,96,.28,6,Low,1,8,1,454,7,453,0,Control,2,0,7,1,2610,0,.75,1,.77777779,369,0,.18722467,1,.18901099,1,1,88004,PlantVisorPRO/src/com/carel/supervisor/presentation/bo/BHsreport.java
kevin.ge,/trunk/src/developments/PlantVisorPRO/src/com/carel/supervisor/presentation/refresh/IRefresh.java,M,2011-01-13,02:49:00,7,24062,Java File,java,39,31,0,1,Low,1,2,1,282,1,281,0,Peripheral,0,0,7,1,2610,0,1,1,1,226,0,.19858156,1,.20141342,1,1,88005,PlantVisorPRO/src/com/carel/supervisor/presentation/refresh/IRefresh.java
kevin.ge,/trunk/src/developments/PlantVisorPRO/src/supervisor/Refresh.java,M,2011-01-13,02:49:00,7,22212,Java File,java,169,131,0,6,Low,1,10,1,456,9,455,0,Control,2,0,7,1,2610,0,.80000001,1,.81818181,371,0,.18640351,1,.18818381,1,1,88008,PlantVisorPRO/src/supervisor/Refresh.java
razvan.filimon,/trunk/src/developments/PlantVisorPRO/src/supervisor/SRVLDispdoc.java,M,2011-01-13,08:10:45,7,71357,Java File,java,292,243,.02,7,Low,1,7,1,515,6,514,0,Control,3,0,7,1,2610,0,.5714286,1,.625,421,0,.18252428,1,.18410853,1,1,88009,PlantVisorPRO/src/supervisor/SRVLDispdoc.java
razvan.filimon,/trunk/src/developments/PlantVisorPRO/src/com/carel/supervisor/dispatcher/action/SAction.java,M,2011-01-13,09:14:12,7,93302,Java File,java,189,149,.07,10,Low,2,12,2,450,12,450,0,Control,2,0,2,1,2610,0,.83333331,1,.85714287,366,0,.18666667,1,.19026549,1,1,88046,PlantVisorPRO/src/com/carel/supervisor/dispatcher/action/SAction.java
razvan.filimon,/trunk/src/developments/PlantVisorPRO/src/com/carel/supervisor/dispatcher/main/DispatcherDQ.java,M,2011-01-13,09:14:28,7,126770,Java File,java,1027,858,.05,52,Untestable,2,55,183,448,55,629,27,Core,24,0,2,1,2610,5,.56363636,1,.57894737,366,97,.18303572,.46994534,.26624405,0,.91732907,88047,PlantVisorPRO/src/com/carel/supervisor/dispatcher/main/DispatcherDQ.java
razvan.filimon,/branches/pvpro1.x/src/developments/PlantVisorPRO/src/com/carel/supervisor/dispatcher/action/SAction.java,M,2011-01-13,09:55:14,7,93302,Java File,java,189,149,.07,10,Low,2,12,2,450,12,450,0,Control,2,0,2,1,2610,0,.83333331,1,.85714287,366,0,.18666667,1,.19026549,1,1,88051,PlantVisorPRO/src/com/carel/supervisor/dispatcher/action/SAction.java
razvan.filimon,/branches/pvpro1.x/src/developments/PlantVisorPRO/src/com/carel/supervisor/dispatcher/main/DispatcherDQ.java,M,2011-01-13,09:58:12,7,126770,Java File,java,1027,858,.05,52,Untestable,2,55,183,448,55,629,27,Core,24,0,2,1,2610,5,.56363636,1,.57894737,366,97,.18303572,.46994534,.26624405,0,.91732907,88052,PlantVisorPRO/src/com/carel/supervisor/dispatcher/main/DispatcherDQ.java
razvan.filimon,/branches/pvpro1.x/src/developments/PlantVisorPRO/src/supervisor/SRVLDispdoc.java,M,2011-01-13,09:59:51,7,71357,Java File,java,292,243,.02,7,Low,1,7,1,515,6,514,0,Control,3,0,7,1,2610,0,.5714286,1,.625,421,0,.18252428,1,.18410853,1,1,88053,PlantVisorPRO/src/supervisor/SRVLDispdoc.java
razvan.filimon,/trunk/src/developments/applications/guardian/src/com/carel/supervisor/guardian/feedback/channels/Sms.java,M,2011-01-13,10:54:46,7,9904,Java File,java,105,87,.03,11,Medium,1,7,1,14,6,13,0,Peripheral,0,0,24,1,2610,0,1,1,1,0,0,1,1,1,1,1,88055,applications/guardian/src/com/carel/supervisor/guardian/feedback/channels/Sms.java
razvan.filimon,/branches/pvpro1.x/src/developments/applications/guardian/src/com/carel/supervisor/guardian/feedback/channels/Sms.java,M,2011-01-13,10:58:46,7,9904,Java File,java,105,87,.03,11,Medium,1,7,1,14,6,13,0,Peripheral,0,0,24,1,2610,0,1,1,1,0,0,1,1,1,1,1,88057,applications/guardian/src/com/carel/supervisor/guardian/feedback/channels/Sms.java
nicola.compagno,/trunk/src/developments/PlantVisorPRO/src/com/carel/supervisor/dataaccess/dataconfig/VariableInfo.java,M,2011-01-13,15:02:03,7,57073,Java File,java,680,459,.3,9,Low,1,8,1,33,7,32,0,Peripheral,5,0,11,1,2610,0,.375,1,.44444445,26,0,.21212122,1,.23529412,1,1,88061,PlantVisorPRO/src/com/carel/supervisor/dataaccess/dataconfig/VariableInfo.java
longbow.liu,/trunk/src/developments/PlantVisorPRO/src/com/carel/supervisor/presentation/bo/BUserProfile.java,M,2011-01-18,07:34:17,7,87381,Java File,java,249,194,.05,9,Low,1,12,1,298,11,297,0,Peripheral,8,0,32,1,2610,0,.33333334,1,.38461539,286,0,.040268455,1,.043478262,1,1,88131,PlantVisorPRO/src/com/carel/supervisor/presentation/bo/BUserProfile.java
longbow.liu,/trunk/src/developments/PlantVisorPRO/src/supervisor/ServUpload.java,M,2011-01-18,07:34:17,7,96304,Java File,java,837,646,.1,14,Medium,1,31,1,580,30,579,0,Control,15,0,7,1,2610,0,.51612902,1,.53125,485,0,.1637931,1,.16523236,1,1,88133,PlantVisorPRO/src/supervisor/ServUpload.java
kevin.ge,/trunk/src/developments/PlantVisorPRO/src/com/carel/supervisor/presentation/bo/BLogicDevice.java,M,2011-01-18,09:20:22,7,19528,Java File,java,243,192,.17,8,Low,1,14,1,360,13,359,0,Peripheral,6,0,7,1,2610,0,.5714286,1,.60000002,288,0,.2,1,.20221607,1,1,88137,PlantVisorPRO/src/com/carel/supervisor/presentation/bo/BLogicDevice.java
kevin.ge,/branches/pvpro1.x/src/developments/PlantVisorPRO/src/com/carel/supervisor/presentation/bo/BLogicDevice.java,M,2011-01-18,09:21:40,7,19528,Java File,java,243,192,.17,8,Low,1,14,1,360,13,359,0,Peripheral,6,0,7,1,2610,0,.5714286,1,.60000002,288,0,.2,1,.20221607,1,1,88140,PlantVisorPRO/src/com/carel/supervisor/presentation/bo/BLogicDevice.java
luca.biolo,/trunk/src/developments/PlantVisorPRO/src/com/carel/supervisor/presentation/bo/BUserProfile.java,M,2011-01-19,15:28:38,7,87381,Java File,java,249,194,.05,9,Low,1,12,1,298,11,297,0,Peripheral,8,0,32,1,2610,0,.33333334,1,.38461539,286,0,.040268455,1,.043478262,1,1,88147,PlantVisorPRO/src/com/carel/supervisor/presentation/bo/BUserProfile.java
luca.biolo,/trunk/src/developments/PlantVisorPRO/src/com/carel/supervisor/presentation/ldap/DBProfiler.java,M,2011-01-19,15:28:38,7,110578,Java File,java,1310,1068,.09,57,Untestable,1,29,1,298,28,297,0,Peripheral,17,0,32,1,2610,0,.41379312,1,.43333334,286,0,.040268455,1,.043478262,1,1,88148,PlantVisorPRO/src/com/carel/supervisor/presentation/ldap/DBProfiler.java
luca.biolo,/trunk/src/developments/PlantVisorPRO/src/com/carel/supervisor/presentation/ldap/FunctionalityList.java,M,2011-01-19,15:28:38,7,52710,Java File,java,221,169,.03,3,Low,1,10,1,75,9,74,0,Peripheral,2,0,7,1,2610,0,.80000001,1,.81818181,56,0,.25333333,1,.2631579,1,1,88149,PlantVisorPRO/src/com/carel/supervisor/presentation/ldap/FunctionalityList.java
alessandro.vianello,/trunk/src/developments/PlantVisorPRO/src/com/carel/supervisor/presentation/logicdevice/LogicVariable.java,M,2011-01-19,15:42:44,7,27740,Java File,java,194,144,.04,4,Low,1,9,1,284,8,283,0,Peripheral,2,0,7,1,2610,0,.77777779,1,.80000001,228,0,.1971831,1,.2,1,1,88150,PlantVisorPRO/src/com/carel/supervisor/presentation/logicdevice/LogicVariable.java
longbow.liu,/trunk/src/developments/PlantVisorPRO/src/com/carel/supervisor/presentation/bo/BUserProfile.java,M,2011-01-20,09:04:58,7,87381,Java File,java,249,194,.05,9,Low,1,12,1,298,11,297,0,Peripheral,8,0,32,1,2610,0,.33333334,1,.38461539,286,0,.040268455,1,.043478262,1,1,88158,PlantVisorPRO/src/com/carel/supervisor/presentation/bo/BUserProfile.java
longbow.liu,/trunk/src/developments/PlantVisorPRO/src/supervisor/ServUpload.java,M,2011-01-20,09:04:58,7,96304,Java File,java,837,646,.1,14,Medium,1,31,1,580,30,579,0,Control,15,0,7,1,2610,0,.51612902,1,.53125,485,0,.1637931,1,.16523236,1,1,88159,PlantVisorPRO/src/supervisor/ServUpload.java
paride.ciatto,/trunk/src/developments/c_source/pvproshell/DateTimeSet/Properties/AssemblyInfo.cs,M,2011-01-20,13:45:42,7,,c# csharp File,cs,35,15,1.07,0,Low,1,1,1,1,0,0,0,Unconnected,,,,372,1,0,,,,,,,,,1,1,88160,c_source/pvproshell/DateTimeSet/Properties/AssemblyInfo.cs
paride.ciatto,/trunk/src/developments/c_source/pvproshell/PVShell2/PVShell2Dlg.cpp,M,2011-01-20,13:45:42,7,130171,C Code File,cpp,2257,1659,.11,30,High,2,10,2,10,10,10,0,Secondary network,0,0,27,2,369,0,1,1,1,0,0,1,1,1,1,1,88169,c_source/pvproshell/PVShell2/PVShell2Dlg.cpp
paride.ciatto,/trunk/src/developments/c_source/pvproshell/PVShell2/PVShell2Dlg.h,M,2011-01-20,13:45:42,7,74175,C Header File,h,174,122,.14,1,Low,3,2,3,2,3,3,0,Secondary network,0,0,27,2,369,0,1,1,1,0,0,1,1,1,1,1,88170,c_source/pvproshell/PVShell2/PVShell2Dlg.h
riccardo.fantato,/branches/pvpro1.x/src/developments/PlantVisorPRO/src/com/carel/supervisor/dataaccess/dataconfig/VariableInfo.java,M,2011-01-20,14:06:08,7,57073,Java File,java,680,459,.3,9,Low,1,8,1,33,7,32,0,Peripheral,5,0,11,1,2610,0,.375,1,.44444445,26,0,.21212122,1,.23529412,1,1,88195,PlantVisorPRO/src/com/carel/supervisor/dataaccess/dataconfig/VariableInfo.java
kevin.ge,/trunk/src/developments/PlantVisorPRO/src/com/carel/supervisor/presentation/ldap/DBProfiler.java,M,2011-01-21,05:40:49,7,110578,Java File,java,1310,1068,.09,57,Untestable,1,29,1,298,28,297,0,Peripheral,17,0,32,1,2610,0,.41379312,1,.43333334,286,0,.040268455,1,.043478262,1,1,88198,PlantVisorPRO/src/com/carel/supervisor/presentation/ldap/DBProfiler.java
kevin.ge,/trunk/src/developments/PlantVisorPRO/src/com/carel/supervisor/presentation/ldap/FunctionalityList.java,M,2011-01-21,05:40:49,7,52710,Java File,java,221,169,.03,3,Low,1,10,1,75,9,74,0,Peripheral,2,0,7,1,2610,0,.80000001,1,.81818181,56,0,.25333333,1,.2631579,1,1,88199,PlantVisorPRO/src/com/carel/supervisor/presentation/ldap/FunctionalityList.java
kevin.ge,/trunk/src/developments/PlantVisorPRO/src/com/carel/supervisor/presentation/tabmenu/TabList.java,M,2011-01-21,05:40:49,7,42315,Java File,java,103,81,.06,5,Low,1,2,1,58,1,57,0,Peripheral,0,0,5,1,2610,0,1,1,1,34,0,.41379312,1,.42372882,1,1,88200,PlantVisorPRO/src/com/carel/supervisor/presentation/tabmenu/TabList.java
razvan.filimon,/trunk/src/developments/c_source/BackupTool/Tool.cpp,M,2011-01-21,08:49:29,7,143256,C Code File,cpp,628,468,.1,9,Low,6,26,9,71,30,78,8,Secondary network,1,0,22,2,369,58,.96153843,1,.96875,17,0,.76056337,1,.78750002,.7037037,.82051283,88203,c_source/BackupTool/Tool.cpp
razvan.filimon,/branches/pvpro1.x/src/developments/c_source/BackupTool/Tool.cpp,M,2011-01-21,08:49:55,7,143256,C Code File,cpp,628,468,.1,9,Low,6,26,9,71,30,78,8,Secondary network,1,0,22,2,369,58,.96153843,1,.96875,17,0,.76056337,1,.78750002,.7037037,.82051283,88205,c_source/BackupTool/Tool.cpp
kevin.ge,/trunk/src/developments/PlantVisorPRO/src/com/carel/supervisor/director/DirectorMgr.java,M,2011-01-24,03:27:34,7,21406,Java File,java,671,558,.06,15,Medium,1,47,1,287,46,286,0,Peripheral,25,0,9,1,2610,0,.46808511,1,.47916666,178,0,.37979093,1,.38194445,1,1,88287,PlantVisorPRO/src/com/carel/supervisor/director/DirectorMgr.java
longbow.liu,/trunk/src/developments/PlantVisorPRO/src/supervisor/ServUpload.java,M,2011-01-24,08:03:50,7,96304,Java File,java,837,646,.1,14,Medium,1,31,1,580,30,579,0,Control,15,0,7,1,2610,0,.51612902,1,.53125,485,0,.1637931,1,.16523236,1,1,88294,PlantVisorPRO/src/supervisor/ServUpload.java
alessandro.vianello,/trunk/src/developments/PlantVisorPRO/src/com/carel/supervisor/presentation/bo/BSystem.java,M,2011-01-24,16:11:01,7,141469,Java File,java,1505,776,.63,69,Untestable,2,47,5,572,47,575,0,Control,19,0,7,1,2610,0,.59574467,1,.6122449,481,0,.15909091,1,.16637781,1,1,88310,PlantVisorPRO/src/com/carel/supervisor/presentation/bo/BSystem.java
alessandro.vianello,/trunk/src/developments/PlantVisorPRO/src/supervisor/SRVLRefresh.java,M,2011-01-24,16:11:01,7,136591,Java File,java,459,354,.13,18,Medium,1,29,1,483,28,482,0,Control,6,0,7,1,2610,0,.79310346,1,.80000001,379,0,.21532091,1,.21694215,1,1,88311,PlantVisorPRO/src/supervisor/SRVLRefresh.java
kevin.ge,/trunk/src/developments/PlantVisorPRO/src/com/carel/supervisor/director/DirectorMgr.java,M,2011-01-26,07:14:44,7,21406,Java File,java,671,558,.06,15,Medium,1,47,1,287,46,286,0,Peripheral,25,0,9,1,2610,0,.46808511,1,.47916666,178,0,.37979093,1,.38194445,1,1,88323,PlantVisorPRO/src/com/carel/supervisor/director/DirectorMgr.java
razvan.filimon,/trunk/src/developments/PlantVisorPRO/src/supervisor/SRVLRefresh.java,M,2011-01-26,09:45:35,7,136591,Java File,java,459,354,.13,18,Medium,1,29,1,483,28,482,0,Control,6,0,7,1,2610,0,.79310346,1,.80000001,379,0,.21532091,1,.21694215,1,1,88326,PlantVisorPRO/src/supervisor/SRVLRefresh.java
razvan.filimon,/trunk/src/developments/PlantVisorPRO/src/com/carel/supervisor/presentation/bo/BSystem.java,M,2011-01-26,09:45:58,7,141469,Java File,java,1505,776,.63,69,Untestable,2,47,5,572,47,575,0,Control,19,0,7,1,2610,0,.59574467,1,.6122449,481,0,.15909091,1,.16637781,1,1,88327,PlantVisorPRO/src/com/carel/supervisor/presentation/bo/BSystem.java
mihai.bucurescu,/trunk/src/developments/c_source/pvproshell/PVShell2/PVShell2Dlg.cpp,M,2011-01-26,19:01:58,7,130171,C Code File,cpp,2257,1659,.11,30,High,2,10,2,10,10,10,0,Secondary network,0,0,27,2,369,0,1,1,1,0,0,1,1,1,1,1,88329,c_source/pvproshell/PVShell2/PVShell2Dlg.cpp
mihai.bucurescu,/trunk/src/developments/c_source/pvproshell/PVShell2/PVShell2Dlg.h,M,2011-01-26,19:01:58,7,74175,C Header File,h,174,122,.14,1,Low,3,2,3,2,3,3,0,Secondary network,0,0,27,2,369,0,1,1,1,0,0,1,1,1,1,1,88330,c_source/pvproshell/PVShell2/PVShell2Dlg.h
razvan.filimon,/trunk/src/developments/PlantVisorPRO/src/com/carel/supervisor/dispatcher/action/SAction.java,M,2011-01-27,08:07:15,7,93302,Java File,java,189,149,.07,10,Low,2,12,2,450,12,450,0,Control,2,0,2,1,2610,0,.83333331,1,.85714287,366,0,.18666667,1,.19026549,1,1,88332,PlantVisorPRO/src/com/carel/supervisor/dispatcher/action/SAction.java
mihai.bucurescu,/trunk/src/developments/c_source/pvproshell/PVShell2/PVShell2Dlg.cpp,M,2011-01-27,19:51:03,7,130171,C Code File,cpp,2257,1659,.11,30,High,2,10,2,10,10,10,0,Secondary network,0,0,27,2,369,0,1,1,1,0,0,1,1,1,1,1,88336,c_source/pvproshell/PVShell2/PVShell2Dlg.cpp
mihai.bucurescu,/trunk/src/developments/c_source/pvproshell/PVShell2/PVShell2Dlg.h,M,2011-01-27,19:51:03,7,74175,C Header File,h,174,122,.14,1,Low,3,2,3,2,3,3,0,Secondary network,0,0,27,2,369,0,1,1,1,0,0,1,1,1,1,1,88337,c_source/pvproshell/PVShell2/PVShell2Dlg.h
luca.biolo,/trunk/src/developments/PlantVisorPRO/src/com/carel/supervisor/presentation/profile/ProfileMaps.java,M,2011-01-28,10:05:20,7,121664,Java File,java,194,116,.34,3,Low,1,5,1,68,4,67,0,Peripheral,1,0,39,1,2610,0,.80000001,1,.83333331,63,0,.073529415,1,.086956523,1,1,88338,PlantVisorPRO/src/com/carel/supervisor/presentation/profile/ProfileMaps.java
luca.biolo,/trunk/src/developments/PlantVisorPRO/src/com/carel/supervisor/presentation/profile/ProfileTab.java,M,2011-01-28,10:05:20,7,122588,Java File,java,169,139,.05,4,Low,1,3,1,32,2,31,0,Peripheral,0,0,39,1,2610,0,1,1,1,29,0,.09375,1,.12121212,1,1,88339,PlantVisorPRO/src/com/carel/supervisor/presentation/profile/ProfileTab.java
mihai.bucurescu,/trunk/src/developments/c_source/pvproshell/PVShell/PVShell.cpp,M,2011-01-31,13:45:44,7,118313,C Code File,cpp,360,218,.19,7,Low,1,2,1,2,1,1,0,Secondary network,0,0,27,2,369,0,1,1,1,0,0,1,1,1,1,1,88526,c_source/pvproshell/PVShell/PVShell.cpp
mihai.bucurescu,/trunk/src/developments/c_source/pvproshell/PVShell/PVShell.h,M,2011-01-31,13:45:44,7,69855,C Header File,h,43,9,1.89,0,Low,3,1,4,1,2,3,0,Secondary network,0,0,27,2,369,0,1,1,1,0,0,1,1,1,1,1,88527,c_source/pvproshell/PVShell/PVShell.h
mihai.bucurescu,/trunk/src/developments/c_source/pvproshell/PVShell/resource.h,M,2011-01-31,13:45:44,7,,C Header File,h,36,0,0,0,Low,1,1,1,1,0,0,0,Unconnected,,,,376,1,0,,,,,,,,,1,1,88534,c_source/pvproshell/PVShell/resource.h
mihai.bucurescu,/trunk/src/developments/c_source/pvproshell/PVShell2/PVShell2Dlg.cpp,M,2011-01-31,13:45:44,7,130171,C Code File,cpp,2257,1659,.11,30,High,2,10,2,10,10,10,0,Secondary network,0,0,27,2,369,0,1,1,1,0,0,1,1,1,1,1,88536,c_source/pvproshell/PVShell2/PVShell2Dlg.cpp
mihai.bucurescu,/trunk/src/developments/c_source/pvproshell/PVShell2/PVShell2Dlg.h,M,2011-01-31,13:45:44,7,74175,C Header File,h,174,122,.14,1,Low,3,2,3,2,3,3,0,Secondary network,0,0,27,2,369,0,1,1,1,0,0,1,1,1,1,1,88537,c_source/pvproshell/PVShell2/PVShell2Dlg.h
razvan.filimon,/trunk/src/developments/PlantVisorPRO/src/supervisor/ServUpload.java,M,2011-02-01,09:45:24,7,96304,Java File,java,837,646,.1,14,Medium,1,31,1,580,30,579,0,Control,15,0,7,1,2610,0,.51612902,1,.53125,485,0,.1637931,1,.16523236,1,1,88550,PlantVisorPRO/src/supervisor/ServUpload.java
razvan.filimon,/trunk/src/developments/PlantVisorPRO/src/com/carel/supervisor/dispatcher/action/FAction.java,M,2011-02-02,14:39:44,7,18241,Java File,java,372,266,.12,9,Low,1,12,1,451,11,450,0,Control,3,0,2,1,2610,0,.75,1,.76923078,366,0,.18847007,1,.19026549,1,1,88556,PlantVisorPRO/src/com/carel/supervisor/dispatcher/action/FAction.java
razvan.filimon,/trunk/src/developments/PlantVisorPRO/src/com/carel/supervisor/dispatcher/action/FAction.java,M,2011-02-02,14:42:44,7,18241,Java File,java,372,266,.12,9,Low,1,12,1,451,11,450,0,Control,3,0,2,1,2610,0,.75,1,.76923078,366,0,.18847007,1,.19026549,1,1,88557,PlantVisorPRO/src/com/carel/supervisor/dispatcher/action/FAction.java
razvan.filimon,/branches/pvpro1.x/src/developments/PlantVisorPRO/src/com/carel/supervisor/dispatcher/action/SAction.java,M,2011-02-03,09:46:32,7,93302,Java File,java,189,149,.07,10,Low,2,12,2,450,12,450,0,Control,2,0,2,1,2610,0,.83333331,1,.85714287,366,0,.18666667,1,.19026549,1,1,88558,PlantVisorPRO/src/com/carel/supervisor/dispatcher/action/SAction.java
razvan.filimon,/branches/pvpro1.x/src/developments/PlantVisorPRO/src/com/carel/supervisor/dispatcher/main/DispatcherDQ.java,M,2011-02-03,09:47:35,7,126770,Java File,java,1027,858,.05,52,Untestable,2,55,183,448,55,629,27,Core,24,0,2,1,2610,5,.56363636,1,.57894737,366,97,.18303572,.46994534,.26624405,0,.91732907,88559,PlantVisorPRO/src/com/carel/supervisor/dispatcher/main/DispatcherDQ.java
razvan.filimon,/branches/pvpro1.x/src/developments/PlantVisorPRO/src/com/carel/supervisor/dispatcher/action/SAction.java,M,2011-02-03,12:31:42,7,93302,Java File,java,189,149,.07,10,Low,2,12,2,450,12,450,0,Control,2,0,2,1,2610,0,.83333331,1,.85714287,366,0,.18666667,1,.19026549,1,1,88560,PlantVisorPRO/src/com/carel/supervisor/dispatcher/action/SAction.java
razvan.filimon,/branches/pvpro1.x/src/developments/applications/guardian/src/com/carel/supervisor/guardian/feedback/channels/Sms.java,M,2011-02-03,15:10:26,7,9904,Java File,java,105,87,.03,11,Medium,1,7,1,14,6,13,0,Peripheral,0,0,24,1,2610,0,1,1,1,0,0,1,1,1,1,1,88562,applications/guardian/src/com/carel/supervisor/guardian/feedback/channels/Sms.java
mihai.bucurescu,/trunk/src/developments/c_source/pvproshell/PVShell2/PVShell2Dlg.cpp,M,2011-02-04,16:58:07,7,130171,C Code File,cpp,2257,1659,.11,30,High,2,10,2,10,10,10,0,Secondary network,0,0,27,2,369,0,1,1,1,0,0,1,1,1,1,1,88565,c_source/pvproshell/PVShell2/PVShell2Dlg.cpp
nicola.compagno,/branches/pvpro1.x/src/developments/applications/guardian/src/com/carel/supervisor/guardian/feedback/channels/Sms.java,M,2011-02-09,14:37:56,7,9904,Java File,java,105,87,.03,11,Medium,1,7,1,14,6,13,0,Peripheral,0,0,24,1,2610,0,1,1,1,0,0,1,1,1,1,1,88574,applications/guardian/src/com/carel/supervisor/guardian/feedback/channels/Sms.java
nicola.compagno,/branches/pvpro1.x/src/developments/applications/guardian/src/com/carel/supervisor/guardian/helper/SmsUtil.java,A,2011-02-09,14:37:56,7,118020,Java File,java,104,47,.74,3,Low,2,1,2,1,1,1,0,Peripheral,0,0,24,1,2610,0,1,1,1,0,0,1,1,1,1,1,88575,applications/guardian/src/com/carel/supervisor/guardian/helper/SmsUtil.java
nicola.compagno,/branches/pvpro1.x/src/developments/PlantVisorPRO/src/com/carel/supervisor/dispatcher/action/SAction.java,M,2011-02-09,14:47:07,7,93302,Java File,java,189,149,.07,10,Low,2,12,2,450,12,450,0,Control,2,0,2,1,2610,0,.83333331,1,.85714287,366,0,.18666667,1,.19026549,1,1,88576,PlantVisorPRO/src/com/carel/supervisor/dispatcher/action/SAction.java
nicola.compagno,/branches/pvpro1.x/src/developments/PlantVisorPRO/src/com/carel/supervisor/dispatcher/main/DispatcherDQ.java,M,2011-02-09,14:47:07,7,126770,Java File,java,1027,858,.05,52,Untestable,2,55,183,448,55,629,27,Core,24,0,2,1,2610,5,.56363636,1,.57894737,366,97,.18303572,.46994534,.26624405,0,.91732907,88577,PlantVisorPRO/src/com/carel/supervisor/dispatcher/main/DispatcherDQ.java
nicola.compagno,/branches/pvpro1.x/src/developments/PlantVisorPRO/src/com/carel/supervisor/dispatcher/util/SmsUtil.java,A,2011-02-09,14:47:07,7,44218,Java File,java,106,47,.77,3,Low,2,1,184,1,1,183,0,Shared,0,0,2,1,2610,0,1,1,1,0,97,1,.47282609,.47567567,1,1,88579,PlantVisorPRO/src/com/carel/supervisor/dispatcher/util/SmsUtil.java
razvan.filimon,/trunk/src/developments/PlantVisorPRO/src/com/carel/supervisor/presentation/widgets/table/htmlcreate/element/HTMLTable.java,M,2011-02-10,07:39:15,7,134876,Java File,java,859,668,.05,16,Medium,2,6,511,30,6,539,0,Shared,3,0,7,1,2610,0,.5,1,.625,26,246,.13333334,.51859099,.49722737,1,1,88585,PlantVisorPRO/src/com/carel/supervisor/presentation/widgets/table/htmlcreate/element/HTMLTable.java
razvan.filimon,/trunk/src/developments/PlantVisorPRO/src/com/carel/supervisor/presentation/bo/BDataTransfer.java,M,2011-02-10,10:01:17,7,84845,Java File,java,159,135,.08,13,Medium,1,12,1,286,11,285,0,Peripheral,5,0,7,1,2610,0,.58333331,1,.61538464,226,0,.20979021,1,.21254355,1,1,88593,PlantVisorPRO/src/com/carel/supervisor/presentation/bo/BDataTransfer.java
razvan.filimon,/trunk/src/developments/PlantVisorPRO/src/com/carel/supervisor/presentation/bo/BDataTransfer.java,M,2011-02-10,15:14:34,7,84845,Java File,java,159,135,.08,13,Medium,1,12,1,286,11,285,0,Peripheral,5,0,7,1,2610,0,.58333331,1,.61538464,226,0,.20979021,1,.21254355,1,1,88626,PlantVisorPRO/src/com/carel/supervisor/presentation/bo/BDataTransfer.java
razvan.filimon,/trunk/src/developments/PlantVisorPRO/src/com/carel/supervisor/presentation/bo/BDataTransfer.java,M,2011-02-11,12:40:31,7,84845,Java File,java,159,135,.08,13,Medium,1,12,1,286,11,285,0,Peripheral,5,0,7,1,2610,0,.58333331,1,.61538464,226,0,.20979021,1,.21254355,1,1,88653,PlantVisorPRO/src/com/carel/supervisor/presentation/bo/BDataTransfer.java
longbow.liu,/trunk/src/developments/PlantVisorPRO/src/com/carel/supervisor/presentation/bo/BUserProfile.java,M,2011-02-12,03:21:11,7,87381,Java File,java,249,194,.05,9,Low,1,12,1,298,11,297,0,Peripheral,8,0,32,1,2610,0,.33333334,1,.38461539,286,0,.040268455,1,.043478262,1,1,88662,PlantVisorPRO/src/com/carel/supervisor/presentation/bo/BUserProfile.java
longbow.liu,/trunk/src/developments/PlantVisorPRO/src/supervisor/ServUpload.java,M,2011-02-12,06:36:47,7,96304,Java File,java,837,646,.1,14,Medium,1,31,1,580,30,579,0,Control,15,0,7,1,2610,0,.51612902,1,.53125,485,0,.1637931,1,.16523236,1,1,88667,PlantVisorPRO/src/supervisor/ServUpload.java
nicola.compagno,/branches/pvpro1.x/src/developments/PlantVisorPRO/src/com/carel/supervisor/presentation/bean/LogicDeviceBeanList.java,M,2011-02-17,16:33:43,7,7066,Java File,java,496,368,.19,9,Low,1,15,1,393,14,392,0,Peripheral,4,0,11,1,2610,0,.73333335,1,.75,309,0,.21374045,1,.21573605,1,1,88953,PlantVisorPRO/src/com/carel/supervisor/presentation/bean/LogicDeviceBeanList.java
razvan.filimon,/trunk/src/developments/PlantVisorPRO/src/com/carel/supervisor/base/config/BaseConfig.java,M,2011-02-18,08:29:34,7,82174,Java File,java,234,198,.04,15,Medium,2,9,1192,39,9,1229,0,Shared,6,0,7,1,2610,0,.33333334,1,.45454547,33,846,.15384616,.29026845,.2859464,1,1,88957,PlantVisorPRO/src/com/carel/supervisor/base/config/BaseConfig.java
razvan.filimon,/trunk/src/developments/PlantVisorPRO/src/com/carel/supervisor/base/config/BaseConfig.java,M,2011-02-18,09:07:03,7,82174,Java File,java,234,198,.04,15,Medium,2,9,1192,39,9,1229,0,Shared,6,0,7,1,2610,0,.33333334,1,.45454547,33,846,.15384616,.29026845,.2859464,1,1,88958,PlantVisorPRO/src/com/carel/supervisor/base/config/BaseConfig.java
longbow.liu,/trunk/src/developments/PlantVisorPRO/src/com/carel/supervisor/field/dataconn/impl/DataConnSTRESS.java,M,2011-02-22,07:49:31,7,115685,Java File,java,160,129,.01,9,Low,1,13,1,123,12,122,0,Peripheral,3,0,9,1,2610,0,.76923078,1,.78571427,77,0,.37398374,1,.37903225,1,1,88974,PlantVisorPRO/src/com/carel/supervisor/field/dataconn/impl/DataConnSTRESS.java
longbow.liu,/trunk/src/developments/PlantVisorPRO/src/com/carel/supervisor/field/dataconn/impl/DataConnSTRESS.java,M,2011-02-22,08:57:02,7,115685,Java File,java,160,129,.01,9,Low,1,13,1,123,12,122,0,Peripheral,3,0,9,1,2610,0,.76923078,1,.78571427,77,0,.37398374,1,.37903225,1,1,88976,PlantVisorPRO/src/com/carel/supervisor/field/dataconn/impl/DataConnSTRESS.java
razvan.filimon,/trunk/src/developments/c_source/commconnector/commsms/untTSMS.cpp,M,2011-02-23,13:43:47,7,22992,C Code File,cpp,616,452,.26,55,Untestable,2,10,15,48,10,61,0,Secondary network,0,0,28,2,369,0,1,1,1,1,2,.97916669,.86666667,.95238096,1,1,88990,c_source/commconnector/commsms/untTSMS.cpp
razvan.filimon,/trunk/src/developments/c_source/commconnector/commsms/untTSMS.h,M,2011-02-23,13:43:47,7,22993,C Header File,h,97,41,.85,0,Low,3,2,17,6,3,21,0,Secondary network,0,0,28,2,369,0,1,1,1,0,2,1,.88235295,.9130435,1,1,88991,c_source/commconnector/commsms/untTSMS.h
longbow.liu,/trunk/src/developments/PlantVisorPRO/src/com/carel/supervisor/controller/VariablesAccess.java,M,2011-02-28,08:23:59,7,77550,Java File,java,211,164,.07,5,Low,2,13,755,127,13,880,0,Shared,4,0,9,1,2610,0,.69230771,1,.73333335,78,721,.38582677,.045033112,.094104305,1,1,88997,PlantVisorPRO/src/com/carel/supervisor/controller/VariablesAccess.java
longbow.liu,/trunk/src/developments/PlantVisorPRO/src/com/carel/supervisor/field/dataconn/impl/DataConnSTRESS.java,M,2011-02-28,08:23:59,7,115685,Java File,java,160,129,.01,9,Low,1,13,1,123,12,122,0,Peripheral,3,0,9,1,2610,0,.76923078,1,.78571427,77,0,.37398374,1,.37903225,1,1,88998,PlantVisorPRO/src/com/carel/supervisor/field/dataconn/impl/DataConnSTRESS.java
longbow.liu,/trunk/src/developments/PlantVisorPRO/src/com/carel/supervisor/presentation/devices/AbstractDtlDevice.java,M,2011-02-28,08:49:00,7,138901,Java File,java,181,155,.01,5,Low,1,13,1,282,12,281,0,Peripheral,4,0,7,1,2610,0,.69230771,1,.71428573,226,0,.19858156,1,.20141342,1,1,88999,PlantVisorPRO/src/com/carel/supervisor/presentation/devices/AbstractDtlDevice.java
razvan.filimon,/trunk/src/developments/PlantVisorPRO/src/com/carel/supervisor/dataaccess/support/Information.java,M,2011-02-28,10:38:57,7,59103,Java File,java,336,253,.17,9,Low,1,10,1,71,9,70,0,Peripheral,6,0,2,1,2610,0,.40000001,1,.45454547,59,0,.16901408,1,.18055555,1,1,89000,PlantVisorPRO/src/com/carel/supervisor/dataaccess/support/Information.java
longbow.liu,/trunk/src/developments/PlantVisorPRO/src/com/carel/supervisor/controller/VariablesAccess.java,M,2011-03-01,02:37:54,7,77550,Java File,java,211,164,.07,5,Low,2,13,755,127,13,880,0,Shared,4,0,9,1,2610,0,.69230771,1,.73333335,78,721,.38582677,.045033112,.094104305,1,1,89001,PlantVisorPRO/src/com/carel/supervisor/controller/VariablesAccess.java
kevin.ge,/trunk/src/developments/PlantVisorPRO/src/com/carel/supervisor/presentation/widgets/table/htmlcreate/element/HTMLTable.java,M,2011-03-01,08:38:12,7,134876,Java File,java,859,668,.05,16,Medium,2,6,511,30,6,539,0,Shared,3,0,7,1,2610,0,.5,1,.625,26,246,.13333334,.51859099,.49722737,1,1,89004,PlantVisorPRO/src/com/carel/supervisor/presentation/widgets/table/htmlcreate/element/HTMLTable.java
nicola.compagno,/trunk/src/developments/license/activator/src/com/carel/supervisor/license/ActivatorPRO.java,M,2011-03-01,09:19:39,7,3466,Java File,java,84,75,0,6,Low,2,2,270,2,2,270,0,Shared,0,0,40,1,2610,0,1,1,1,0,266,1,.014814815,.022058824,1,1,89005,license/activator/src/com/carel/supervisor/license/ActivatorPRO.java
longbow.liu,/trunk/src/developments/PlantVisorPRO/src/com/carel/supervisor/presentation/bo/BUserProfile.java,M,2011-03-03,08:22:07,7,87381,Java File,java,249,194,.05,9,Low,1,12,1,298,11,297,0,Peripheral,8,0,32,1,2610,0,.33333334,1,.38461539,286,0,.040268455,1,.043478262,1,1,89006,PlantVisorPRO/src/com/carel/supervisor/presentation/bo/BUserProfile.java
longbow.liu,/trunk/src/developments/PlantVisorPRO/src/com/carel/supervisor/presentation/bo/BUserProfile.java,M,2011-03-04,08:24:36,7,87381,Java File,java,249,194,.05,9,Low,1,12,1,298,11,297,0,Peripheral,8,0,32,1,2610,0,.33333334,1,.38461539,286,0,.040268455,1,.043478262,1,1,89039,PlantVisorPRO/src/com/carel/supervisor/presentation/bo/BUserProfile.java
razvan.filimon,/trunk/src/developments/c_source/BackupTool/ProductProfile.cpp,M,2011-03-04,10:36:38,7,138572,C Code File,cpp,707,561,.07,29,High,9,8,19,40,15,57,4,Secondary network,0,0,22,2,369,59,1,1,1,16,0,.60000002,1,.72881359,.85185188,.89473683,89044,c_source/BackupTool/ProductProfile.cpp
razvan.filimon,/trunk/src/developments/c_source/BackupTool/Tool.cpp,M,2011-03-04,10:36:38,7,143256,C Code File,cpp,628,468,.1,9,Low,6,26,9,71,30,78,8,Secondary network,1,0,22,2,369,58,.96153843,1,.96875,17,0,.76056337,1,.78750002,.7037037,.82051283,89045,c_source/BackupTool/Tool.cpp
nicola.compagno,/trunk/src/developments/PlantVisorPRO/src/com/carel/supervisor/dataaccess/support/Information.java,M,2011-03-07,10:54:02,7,59103,Java File,java,336,253,.17,9,Low,1,10,1,71,9,70,0,Peripheral,6,0,2,1,2610,0,.40000001,1,.45454547,59,0,.16901408,1,.18055555,1,1,89048,PlantVisorPRO/src/com/carel/supervisor/dataaccess/support/Information.java
nicola.compagno,/trunk/src/developments/PlantVisorPRO/src/com/carel/supervisor/presentation/bean/DeviceListBean.java,M,2011-03-08,11:01:23,7,61223,Java File,java,984,815,.04,13,Medium,1,20,1,296,19,295,0,Peripheral,11,0,7,1,2610,0,.44999999,1,.47619048,233,0,.21283785,1,.21548821,1,1,89053,PlantVisorPRO/src/com/carel/supervisor/presentation/bean/DeviceListBean.java
razvan.filimon,/trunk/src/developments/PlantVisorPRO/src/com/carel/supervisor/presentation/bean/DeviceListBean.java,M,2011-03-14,15:06:49,7,61223,Java File,java,984,815,.04,13,Medium,1,20,1,296,19,295,0,Peripheral,11,0,7,1,2610,0,.44999999,1,.47619048,233,0,.21283785,1,.21548821,1,1,89094,PlantVisorPRO/src/com/carel/supervisor/presentation/bean/DeviceListBean.java
kevin.ge,/trunk/src/developments/PlantVisorPRO/src/com/carel/supervisor/controller/VariablesAccess.java,M,2011-03-15,05:53:28,7,77550,Java File,java,211,164,.07,5,Low,2,13,755,127,13,880,0,Shared,4,0,9,1,2610,0,.69230771,1,.73333335,78,721,.38582677,.045033112,.094104305,1,1,89103,PlantVisorPRO/src/com/carel/supervisor/controller/VariablesAccess.java
kevin.ge,/trunk/src/developments/PlantVisorPRO/src/com/carel/supervisor/controller/function/Function.java,M,2011-03-15,05:53:28,7,124738,Java File,java,113,90,.09,6,Low,1,7,1,126,6,125,0,Peripheral,0,0,9,1,2610,0,1,1,1,77,0,.3888889,1,.39370078,1,1,89104,PlantVisorPRO/src/com/carel/supervisor/controller/function/Function.java
kevin.ge,/trunk/src/developments/PlantVisorPRO/src/com/carel/supervisor/report/InstantReport.java,M,2011-03-21,03:18:13,7,47880,Java File,java,226,193,.05,8,Low,2,13,2,209,13,209,0,Peripheral,9,1,15,1,2610,0,.30769232,.5,.33333334,202,1,.033492822,.5,.037914693,1,1,89543,PlantVisorPRO/src/com/carel/supervisor/report/InstantReport.java
kevin.ge,/trunk/src/developments/PlantVisorPRO/src/supervisor/Master.java,M,2011-03-23,05:22:48,7,41674,Java File,java,526,411,.09,43,High,1,17,1,515,16,514,0,Control,6,0,7,1,2610,0,.64705884,1,.66666669,421,0,.18252428,1,.18410853,1,1,89547,PlantVisorPRO/src/supervisor/Master.java
razvan.filimon,/trunk/src/developments/PlantVisorPRO/src/com/carel/supervisor/presentation/sdk/obj/CurrUnit.java,M,2011-03-23,15:10:14,7,118631,Java File,java,391,291,.17,10,Low,1,19,1,286,18,285,0,Peripheral,8,0,7,1,2610,0,.57894737,1,.60000002,227,0,.2062937,1,.20905924,1,1,89551,PlantVisorPRO/src/com/carel/supervisor/presentation/sdk/obj/CurrUnit.java
razvan.filimon,/trunk/src/developments/PlantVisorPRO/src/com/carel/supervisor/presentation/bo/BDtlView.java,M,2011-03-23,15:12:53,7,63040,Java File,java,1312,968,.17,37,High,1,43,1,405,42,404,0,Peripheral,34,0,11,1,2610,0,.20930232,1,.22727273,320,0,.20987654,1,.21182266,1,1,89552,PlantVisorPRO/src/com/carel/supervisor/presentation/bo/BDtlView.java
kevin.ge,/trunk/src/developments/PlantVisorPRO/src/com/carel/supervisor/presentation/assistance/GuardianConfig.java,M,2011-03-25,06:23:24,7,87634,Java File,java,430,355,.05,11,Medium,1,16,1,452,15,451,0,Control,7,0,7,1,2610,0,.5625,1,.58823532,371,0,.17920354,1,.18101545,1,1,89579,PlantVisorPRO/src/com/carel/supervisor/presentation/assistance/GuardianConfig.java
kevin.ge,/trunk/src/developments/PlantVisorPRO/src/com/carel/supervisor/presentation/bo/BSystem.java,M,2011-03-25,06:23:24,7,141469,Java File,java,1505,776,.63,69,Untestable,2,47,5,572,47,575,0,Control,19,0,7,1,2610,0,.59574467,1,.6122449,481,0,.15909091,1,.16637781,1,1,89580,PlantVisorPRO/src/com/carel/supervisor/presentation/bo/BSystem.java
kevin.ge,/trunk/src/developments/PlantVisorPRO/src/com/carel/supervisor/presentation/assistance/GuardianConfig.java,M,2011-03-25,06:37:57,7,87634,Java File,java,430,355,.05,11,Medium,1,16,1,452,15,451,0,Control,7,0,7,1,2610,0,.5625,1,.58823532,371,0,.17920354,1,.18101545,1,1,89581,PlantVisorPRO/src/com/carel/supervisor/presentation/assistance/GuardianConfig.java
kevin.ge,/trunk/src/developments/applications/guardian/src/com/carel/supervisor/guardian/conf/NotifyMgr.java,M,2011-03-25,06:47:21,7,52875,Java File,java,46,40,0,2,Low,2,3,8,10,3,16,0,Peripheral,0,0,24,1,2610,0,1,1,1,0,0,1,1,1,1,1,89582,applications/guardian/src/com/carel/supervisor/guardian/conf/NotifyMgr.java
kevin.ge,/trunk/src/developments/applications/guardian/src/com/carel/supervisor/guardian/conf/NotifyMgr.java,M,2011-03-25,08:10:58,7,52875,Java File,java,46,40,0,2,Low,2,3,8,10,3,16,0,Peripheral,0,0,24,1,2610,0,1,1,1,0,0,1,1,1,1,1,89583,applications/guardian/src/com/carel/supervisor/guardian/conf/NotifyMgr.java
razvan.filimon,/trunk/src/developments/PlantVisorPRO/src/com/carel/supervisor/presentation/bo/BDtlView.java,M,2011-03-25,08:43:16,7,63040,Java File,java,1312,968,.17,37,High,1,43,1,405,42,404,0,Peripheral,34,0,11,1,2610,0,.20930232,1,.22727273,320,0,.20987654,1,.21182266,1,1,89584,PlantVisorPRO/src/com/carel/supervisor/presentation/bo/BDtlView.java
kevin.ge,/trunk/src/developments/PlantVisorPRO/src/com/carel/supervisor/presentation/bo/BMasterMaps.java,M,2011-03-30,06:11:15,7,9488,Java File,java,35,28,0,1,Low,1,2,1,284,1,283,0,Peripheral,0,0,7,1,2610,0,1,1,1,226,0,.20422535,1,.20701754,1,1,89646,PlantVisorPRO/src/com/carel/supervisor/presentation/bo/BMasterMaps.java
mihai.bucurescu,/trunk/src/developments/c_source/pvproshell/PVShell2/PVShell2Dlg.cpp,M,2011-03-31,07:15:02,7,130171,C Code File,cpp,2257,1659,.11,30,High,2,10,2,10,10,10,0,Secondary network,0,0,27,2,369,0,1,1,1,0,0,1,1,1,1,1,89673,c_source/pvproshell/PVShell2/PVShell2Dlg.cpp
kevin.ge,/trunk/src/developments/PlantVisorPRO/src/com/carel/supervisor/presentation/bo/BWizard.java,M,2011-04-01,06:55:45,7,106176,Java File,java,1242,1126,.06,35,High,1,55,1,654,54,653,0,Control,21,0,7,1,2610,0,.61818182,1,.625,537,0,.17889908,1,.18015267,1,1,89677,PlantVisorPRO/src/com/carel/supervisor/presentation/bo/BWizard.java
razvan.filimon,/trunk/src/developments/PlantVisorPRO/src/com/carel/supervisor/presentation/ldap/DBProfiler.java,M,2011-04-04,14:58:31,7,110578,Java File,java,1310,1068,.09,57,Untestable,1,29,1,298,28,297,0,Peripheral,17,0,32,1,2610,0,.41379312,1,.43333334,286,0,.040268455,1,.043478262,1,1,89737,PlantVisorPRO/src/com/carel/supervisor/presentation/ldap/DBProfiler.java
mihai.bucurescu,/trunk/src/developments/c_source/ModbusSlaveExtension/MBSlaveEx/MBSlaveEx.cpp,M,2011-04-04,15:06:08,7,36044,C Code File,cpp,1008,744,.12,16,Medium,1,17,1,35,16,34,0,Secondary network,0,0,23,2,369,0,1,1,1,3,0,.91428572,1,.91666669,1,1,89738,c_source/ModbusSlaveExtension/MBSlaveEx/MBSlaveEx.cpp
razvan.filimon,/trunk/src/developments/PlantVisorPRO/src/com/carel/supervisor/presentation/bo/BDataTransfer.java,M,2011-04-05,10:05:19,7,84845,Java File,java,159,135,.08,13,Medium,1,12,1,286,11,285,0,Peripheral,5,0,7,1,2610,0,.58333331,1,.61538464,226,0,.20979021,1,.21254355,1,1,89749,PlantVisorPRO/src/com/carel/supervisor/presentation/bo/BDataTransfer.java
razvan.filimon,/trunk/src/developments/PlantVisorPRO/src/com/carel/supervisor/presentation/sdk/obj/CurrUnit.java,M,2011-04-05,13:34:03,7,118631,Java File,java,391,291,.17,10,Low,1,19,1,286,18,285,0,Peripheral,8,0,7,1,2610,0,.57894737,1,.60000002,227,0,.2062937,1,.20905924,1,1,89763,PlantVisorPRO/src/com/carel/supervisor/presentation/sdk/obj/CurrUnit.java
razvan.filimon,/trunk/src/developments/PlantVisorPRO/src/com/carel/supervisor/presentation/bo/BDtlView.java,M,2011-04-05,13:34:35,7,63040,Java File,java,1312,968,.17,37,High,1,43,1,405,42,404,0,Peripheral,34,0,11,1,2610,0,.20930232,1,.22727273,320,0,.20987654,1,.21182266,1,1,89764,PlantVisorPRO/src/com/carel/supervisor/presentation/bo/BDtlView.java
razvan.filimon,/trunk/src/developments/PlantVisorPRO/src/supervisor/MasterXML.java,M,2011-04-05,14:22:17,7,123621,Java File,java,68,59,0,5,Low,1,5,1,293,4,292,0,Peripheral,2,0,5,1,2610,0,.60000002,1,.66666669,257,0,.12286689,1,.12585033,1,1,89766,PlantVisorPRO/src/supervisor/MasterXML.java
razvan.filimon,/branches/pvpro1.x/src/developments/PlantVisorPRO/src/com/carel/supervisor/presentation/ac/AcMdl.java,M,2011-04-06,08:28:49,7,36625,Java File,java,334,241,.16,6,Low,1,13,1,62,12,61,0,Peripheral,4,0,11,1,2610,0,.69230771,1,.71428573,38,0,.38709676,1,.3968254,1,1,89767,PlantVisorPRO/src/com/carel/supervisor/presentation/ac/AcMdl.java
razvan.filimon,/trunk/src/developments/PlantVisorPRO/src/com/carel/supervisor/presentation/ac/AcMdl.java,M,2011-04-06,08:29:35,7,36625,Java File,java,334,241,.16,6,Low,1,13,1,62,12,61,0,Peripheral,4,0,11,1,2610,0,.69230771,1,.71428573,38,0,.38709676,1,.3968254,1,1,89768,PlantVisorPRO/src/com/carel/supervisor/presentation/ac/AcMdl.java
